article,label,url
NPCs/Imeckas Stroon,Cover,https://wa-cdn.nyc3.digitaloceanspaces.com/user-data/production/0f271434-58d2-4912-a9c9-8a5da0efb8d2/uploads/images/b546a0d5ac5ebd8f23d64fff30c18149.png
NPCs/Imeckas Stroon,Portrait,https://wa-cdn.nyc3.digitaloceanspaces.com/user-data/production/0f271434-58d2-4912-a9c9-8a5da0efb8d2/uploads/images/f1992aef9a31e7a6250faf46a0dfedc6.webp
Session Reports 21-40/Session 32- Blockhouse Assault,Cover,https://wa-cdn.nyc3.digitaloceanspaces.com/user-data/production/0f271434-58d2-4912-a9c9-8a5da0efb8d2/uploads/images/8a1bfbff37cbe9c6b151e83d7057ffc7.png
NPCs/Quintessa Maray,Cover,https://wa-cdn.nyc3.digitaloceanspaces.com/user-data/production/0f271434-58d2-4912-a9c9-8a5da0efb8d2/uploads/images/b546a0d5ac5ebd8f23d64fff30c18149.png
NPCs/Quintessa Maray,Portrait,https://wa-cdn.nyc3.digitaloceanspaces.com/user-data/production/0f271434-58d2-4912-a9c9-8a5da0efb8d2/uploads/images/f69d8296c4936dbabf3369e6316df609.webp
Uncategorized Articles/Fizzlesticks & Co,Cover,https://wa-cdn.nyc3.cdn.digitaloceanspaces.com/user-data/production/0f271434-58d2-4912-a9c9-8a5da0efb8d2/uploads/images/2c2d28b87bde41f3a53923c6d7c4143f.png
Uncategorized Articles/Fizzlesticks & Co,Portrait,https://wa-cdn.nyc3.digitaloceanspaces.com/user-data/production/0f271434-58d2-4912-a9c9-8a5da0efb8d2/uploads/images/24c3df06a981be97e8b5a9df45c1003e.png
Groups/Tiger Lords,Cover,https://wa-cdn.nyc3.digitaloceanspaces.com/user-data/production/0f271434-58d2-4912-a9c9-8a5da0efb8d2/uploads/images/b546a0d5ac5ebd8f23d64fff30c18149.png
Moments/The Quiet After Battle,Cover,https://wa-cdn.nyc3.digitaloceanspaces.com/user-data/production/0f271434-58d2-4912-a9c9-8a5da0efb8d2/uploads/images/b546a0d5ac5ebd8f23d64fff30c18149.png
Vignettes - Abomination Vaults/To Live or Die,Cover,https://wa-cdn.nyc3.digitaloceanspaces.com/user-data/production/0f271434-58d2-4912-a9c9-8a5da0efb8d2/uploads/images/b546a0d5ac5ebd8f23d64fff30c18149.png
Morlibint's Dossier/Morlibint's Dossier- The Whispering Caverns,Cover,https://wa-cdn.nyc3.digitaloceanspaces.com/user-data/production/0f271434-58d2-4912-a9c9-8a5da0efb8d2/uploads/images/32ff100f60111b3ea3c9b25e7a8acb6a.png
Session Reports 21-40/Session 25- The Hunt Begins,Cover,https://wa-cdn.nyc3.digitaloceanspaces.com/user-data/production/0f271434-58d2-4912-a9c9-8a5da0efb8d2/uploads/images/8a1bfbff37cbe9c6b151e83d7057ffc7.png
Uncategorized Articles/Hooktongue Slough,Cover,https://wa-cdn.nyc3.digitaloceanspaces.com/user-data/production/0f271434-58d2-4912-a9c9-8a5da0efb8d2/uploads/images/b546a0d5ac5ebd8f23d64fff30c18149.png
Settlements/Sootscale Valley,Cover,https://wa-cdn.nyc3.digitaloceanspaces.com/user-data/production/0f271434-58d2-4912-a9c9-8a5da0efb8d2/uploads/images/b546a0d5ac5ebd8f23d64fff30c18149.png
NPCs/Jamel Visser,Cover,https://wa-cdn.nyc3.digitaloceanspaces.com/user-data/production/0f271434-58d2-4912-a9c9-8a5da0efb8d2/uploads/images/b546a0d5ac5ebd8f23d64fff30c18149.png
NPCs/Jamel Visser,Portrait,https://wa-cdn.nyc3.cdn.digitaloceanspaces.com/user-data/production/0f271434-58d2-4912-a9c9-8a5da0efb8d2/uploads/images/548d3e3e4a11c151c3e3e0ff46f0672d.png
Pitax Gazette/Corruption at the Rushlight!,Cover,https://wa-cdn.nyc3.digitaloceanspaces.com/user-data/production/0f271434-58d2-4912-a9c9-8a5da0efb8d2/uploads/images/5d0935703bb52b587a3ccdb957221f89.png
Vignettes - Abomination Vaults/Vandy's Mess,Cover,https://wa-cdn.nyc3.digitaloceanspaces.com/user-data/production/0f271434-58d2-4912-a9c9-8a5da0efb8d2/uploads/images/b546a0d5ac5ebd8f23d64fff30c18149.png
Ruling Council/Ministry of Defense,Cover,https://wa-cdn.nyc3.digitaloceanspaces.com/user-data/production/0f271434-58d2-4912-a9c9-8a5da0efb8d2/uploads/images/48fb79abc6f1a9e7d82ca5e30ffb9056.png
Ruling Council/Ministry of Defense,Flag (organization),https://wa-cdn.nyc3.digitaloceanspaces.com/user-data/production/0f271434-58d2-4912-a9c9-8a5da0efb8d2/uploads/images/474f1698c6b5ac74a7bc06f22eb73735.png
Session Reports 61-80/Session 61- Breaking the Seal,Cover,https://wa-cdn.nyc3.cdn.digitaloceanspaces.com/user-data/production/0f271434-58d2-4912-a9c9-8a5da0efb8d2/uploads/images/110a4fd3e759fb3f6f81c3bbdd3fabac.png
Groups/Six Bears,Cover,https://wa-cdn.nyc3.digitaloceanspaces.com/user-data/production/0f271434-58d2-4912-a9c9-8a5da0efb8d2/uploads/images/b546a0d5ac5ebd8f23d64fff30c18149.png
Vignettes - Abomination Vaults/The Whispering Reeds,Cover,https://wa-cdn.nyc3.digitaloceanspaces.com/user-data/production/0f271434-58d2-4912-a9c9-8a5da0efb8d2/uploads/images/b546a0d5ac5ebd8f23d64fff30c18149.png
Moments/The Flickering Flame,Cover,https://wa-cdn.nyc3.digitaloceanspaces.com/user-data/production/0f271434-58d2-4912-a9c9-8a5da0efb8d2/uploads/images/b546a0d5ac5ebd8f23d64fff30c18149.png
Ruling Council/Ministry of the Treasury,Cover,https://wa-cdn.nyc3.digitaloceanspaces.com/user-data/production/0f271434-58d2-4912-a9c9-8a5da0efb8d2/uploads/images/48fb79abc6f1a9e7d82ca5e30ffb9056.png
Ruling Council/Ministry of the Treasury,Flag (organization),https://wa-cdn.nyc3.digitaloceanspaces.com/user-data/production/0f271434-58d2-4912-a9c9-8a5da0efb8d2/uploads/images/ea385e3d523b34bd9f55314305e124a1.png
Vignettes - Abomination Vaults/Nightmares in the Mayor's Manor,Cover,https://wa-cdn.nyc3.digitaloceanspaces.com/user-data/production/0f271434-58d2-4912-a9c9-8a5da0efb8d2/uploads/images/b546a0d5ac5ebd8f23d64fff30c18149.png
Session Reports 21-40/Session 30- Valerie's Victory,Cover,https://wa-cdn.nyc3.digitaloceanspaces.com/user-data/production/0f271434-58d2-4912-a9c9-8a5da0efb8d2/uploads/images/8a1bfbff37cbe9c6b151e83d7057ffc7.png
Moments/Grigori Arrives,Cover,https://wa-cdn.nyc3.digitaloceanspaces.com/user-data/production/0f271434-58d2-4912-a9c9-8a5da0efb8d2/uploads/images/b546a0d5ac5ebd8f23d64fff30c18149.png
Uncategorized Articles/Greenbelt,Cover,https://wa-cdn.nyc3.digitaloceanspaces.com/user-data/production/0f271434-58d2-4912-a9c9-8a5da0efb8d2/uploads/images/b546a0d5ac5ebd8f23d64fff30c18149.png
Session Reports 0-20/Session 17- Corruption in the Capitol!,Cover,https://wa-cdn.nyc3.digitaloceanspaces.com/user-data/production/0f271434-58d2-4912-a9c9-8a5da0efb8d2/uploads/images/8a1bfbff37cbe9c6b151e83d7057ffc7.png
NPCs/Terrion Numesti,Cover,https://wa-cdn.nyc3.digitaloceanspaces.com/user-data/production/0f271434-58d2-4912-a9c9-8a5da0efb8d2/uploads/images/b546a0d5ac5ebd8f23d64fff30c18149.png
NPCs/Terrion Numesti,Portrait,https://wa-cdn.nyc3.digitaloceanspaces.com/user-data/production/0f271434-58d2-4912-a9c9-8a5da0efb8d2/uploads/images/6c673628a0a385efb33cb3bd84aff900.png
Session Reports 0-20/Session 04- NokNok Arrives,Cover,https://wa-cdn.nyc3.digitaloceanspaces.com/user-data/production/0f271434-58d2-4912-a9c9-8a5da0efb8d2/uploads/images/8a1bfbff37cbe9c6b151e83d7057ffc7.png
Morlibint's Dossier/Morlibint’s Dossier- Gauntlight and the Abomination Vaults,Cover,https://wa-cdn.nyc3.digitaloceanspaces.com/user-data/production/0f271434-58d2-4912-a9c9-8a5da0efb8d2/uploads/images/32ff100f60111b3ea3c9b25e7a8acb6a.png
NPCs/Regongar,Cover,https://wa-cdn.nyc3.digitaloceanspaces.com/user-data/production/0f271434-58d2-4912-a9c9-8a5da0efb8d2/uploads/images/b546a0d5ac5ebd8f23d64fff30c18149.png
NPCs/Regongar,Portrait,https://www.worldanvil.com/uploads/images/f8d05457eaeb3a93f57a38e64fd39567.webp
Session Reports 21-40/Session 23- Growth,Cover,https://wa-cdn.nyc3.digitaloceanspaces.com/user-data/production/0f271434-58d2-4912-a9c9-8a5da0efb8d2/uploads/images/8a1bfbff37cbe9c6b151e83d7057ffc7.png
"Vignettes - Abomination Vaults/Field Notes from the Lower Vaults · Unscheduled Activity · Chasm Watch, Third Rotation",Cover,https://wa-cdn.nyc3.digitaloceanspaces.com/user-data/production/0f271434-58d2-4912-a9c9-8a5da0efb8d2/uploads/images/b546a0d5ac5ebd8f23d64fff30c18149.png
Session Reports 41-60/Session 48- Finishing the Job for Hannis,Cover,https://wa-cdn.nyc3.cdn.digitaloceanspaces.com/user-data/production/0f271434-58d2-4912-a9c9-8a5da0efb8d2/uploads/images/110a4fd3e759fb3f6f81c3bbdd3fabac.png
Uncategorized Articles/Government Printing Office,Cover,https://wa-cdn.nyc3.digitaloceanspaces.com/user-data/production/0f271434-58d2-4912-a9c9-8a5da0efb8d2/uploads/images/48fb79abc6f1a9e7d82ca5e30ffb9056.png
Uncategorized Articles/Government Printing Office,Portrait,https://wa-cdn.nyc3.digitaloceanspaces.com/user-data/production/0f271434-58d2-4912-a9c9-8a5da0efb8d2/uploads/images/4cc1087dd66dc2ca51cda19bdd4d3e49.png
The Lantern and Ledger/The Sun Still Shines,Cover,https://wa-cdn.nyc3.cdn.digitaloceanspaces.com/user-data/production/0f271434-58d2-4912-a9c9-8a5da0efb8d2/uploads/images/110a4fd3e759fb3f6f81c3bbdd3fabac.png
Moments/Kundal's Captivity,Cover,https://wa-cdn.nyc3.digitaloceanspaces.com/user-data/production/0f271434-58d2-4912-a9c9-8a5da0efb8d2/uploads/images/b546a0d5ac5ebd8f23d64fff30c18149.png
Session Reports 0-20/Session 07- Stag Lord or Bust!!!,Cover,https://wa-cdn.nyc3.digitaloceanspaces.com/user-data/production/0f271434-58d2-4912-a9c9-8a5da0efb8d2/uploads/images/8a1bfbff37cbe9c6b151e83d7057ffc7.png
NPCs/Eobald,Cover,https://wa-cdn.nyc3.cdn.digitaloceanspaces.com/user-data/production/0f271434-58d2-4912-a9c9-8a5da0efb8d2/uploads/images/2c2d28b87bde41f3a53923c6d7c4143f.png
NPCs/Eobald,Portrait,https://wa-cdn.nyc3.digitaloceanspaces.com/user-data/production/0f271434-58d2-4912-a9c9-8a5da0efb8d2/uploads/images/e0b67bf1d4c043deac5f283dd937eb0c.png
Animal Companions/Rennie,Cover,https://wa-cdn.nyc3.digitaloceanspaces.com/user-data/production/0f271434-58d2-4912-a9c9-8a5da0efb8d2/uploads/images/b546a0d5ac5ebd8f23d64fff30c18149.png
Animal Companions/Rennie,Portrait,https://wa-cdn.nyc3.digitaloceanspaces.com/user-data/production/0f271434-58d2-4912-a9c9-8a5da0efb8d2/uploads/images/b771998b874085b24609ec639fd10494.png
Animal Companions/Lorcan,Cover,https://wa-cdn.nyc3.digitaloceanspaces.com/user-data/production/0f271434-58d2-4912-a9c9-8a5da0efb8d2/uploads/images/b546a0d5ac5ebd8f23d64fff30c18149.png
Animal Companions/Lorcan,Portrait,https://wa-cdn.nyc3.digitaloceanspaces.com/user-data/production/0f271434-58d2-4912-a9c9-8a5da0efb8d2/uploads/images/64930dd635c0f1c79e2292eb28e07d0f.png
Characters/August Shepard,Cover,https://wa-cdn.nyc3.digitaloceanspaces.com/user-data/production/0f271434-58d2-4912-a9c9-8a5da0efb8d2/uploads/images/b546a0d5ac5ebd8f23d64fff30c18149.png
Characters/August Shepard,Portrait,https://wa-cdn.nyc3.cdn.digitaloceanspaces.com/user-data/production/428654b0-69d1-4298-a9e8-8c357e2ef36d/uploads/images/9ae626f1d8926adafa03b05504849f8f.jpeg
Vignettes - Abomination Vaults/All Dressed Up and Nowhere to Go,Cover,https://wa-cdn.nyc3.digitaloceanspaces.com/user-data/production/0f271434-58d2-4912-a9c9-8a5da0efb8d2/uploads/images/b546a0d5ac5ebd8f23d64fff30c18149.png
Session Reports 0-20/Session 0- Party Time!,Cover,https://wa-cdn.nyc3.digitaloceanspaces.com/user-data/production/0f271434-58d2-4912-a9c9-8a5da0efb8d2/uploads/images/8a1bfbff37cbe9c6b151e83d7057ffc7.png
Session Reports 0-20/Session 01- A Time to Kill,Cover,https://wa-cdn.nyc3.digitaloceanspaces.com/user-data/production/0f271434-58d2-4912-a9c9-8a5da0efb8d2/uploads/images/8a1bfbff37cbe9c6b151e83d7057ffc7.png
Intelligence Reports/Concerning Recent Fey Activity Within the Republic,Cover,https://wa-cdn.nyc3.digitaloceanspaces.com/user-data/production/0f271434-58d2-4912-a9c9-8a5da0efb8d2/uploads/images/ee82cf8c9a0776c2e6b2d9174c49d1a7.png
Kingmaker/Kingmaker- The Story So Far,Cover,https://wa-cdn.nyc3.digitaloceanspaces.com/user-data/production/0f271434-58d2-4912-a9c9-8a5da0efb8d2/uploads/images/8a1bfbff37cbe9c6b151e83d7057ffc7.png
Session Reports 21-40/Session 40- Back into the Slough,Cover,https://wa-cdn.nyc3.digitaloceanspaces.com/user-data/production/0f271434-58d2-4912-a9c9-8a5da0efb8d2/uploads/images/8a1bfbff37cbe9c6b151e83d7057ffc7.png
Moments/The Day She Stood Still,Cover,https://wa-cdn.nyc3.cdn.digitaloceanspaces.com/user-data/production/0f271434-58d2-4912-a9c9-8a5da0efb8d2/uploads/images/110a4fd3e759fb3f6f81c3bbdd3fabac.png
Session Reports 41-60/Session 55- Endeavor to Persevere,Cover,https://wa-cdn.nyc3.cdn.digitaloceanspaces.com/user-data/production/0f271434-58d2-4912-a9c9-8a5da0efb8d2/uploads/images/110a4fd3e759fb3f6f81c3bbdd3fabac.png
Morlibint's Dossier/Morlibint’s Dossier- On the Training Grounds,Cover,https://wa-cdn.nyc3.digitaloceanspaces.com/user-data/production/0f271434-58d2-4912-a9c9-8a5da0efb8d2/uploads/images/32ff100f60111b3ea3c9b25e7a8acb6a.png
Characters/Kiri Steelpaws,Cover,https://wa-cdn.nyc3.digitaloceanspaces.com/user-data/production/0f271434-58d2-4912-a9c9-8a5da0efb8d2/uploads/images/b546a0d5ac5ebd8f23d64fff30c18149.png
Characters/Kiri Steelpaws,Portrait,https://wa-cdn.nyc3.cdn.digitaloceanspaces.com/user-data/production/d9d708bd-8f1d-4840-b16f-6ab28358768c/uploads/images/01f1500cf16875709990ea32b6fff817.jpeg
Ruling Council/Ministry of the Interior,Cover,https://wa-cdn.nyc3.digitaloceanspaces.com/user-data/production/0f271434-58d2-4912-a9c9-8a5da0efb8d2/uploads/images/48fb79abc6f1a9e7d82ca5e30ffb9056.png
Ruling Council/Ministry of the Interior,Flag (organization),https://wa-cdn.nyc3.digitaloceanspaces.com/user-data/production/0f271434-58d2-4912-a9c9-8a5da0efb8d2/uploads/images/817389786177dc328bae6372af8f754a.png
Session Reports 21-40/Session 34- Into the Valley of Death,Cover,https://wa-cdn.nyc3.digitaloceanspaces.com/user-data/production/0f271434-58d2-4912-a9c9-8a5da0efb8d2/uploads/images/8a1bfbff37cbe9c6b151e83d7057ffc7.png
"Vignettes - Abomination Vaults/Second Chances, Served Warm",Cover,https://wa-cdn.nyc3.digitaloceanspaces.com/user-data/production/0f271434-58d2-4912-a9c9-8a5da0efb8d2/uploads/images/b546a0d5ac5ebd8f23d64fff30c18149.png
Pitax Gazette/Pitaxian Allies Crush Republican Advance,Cover,https://wa-cdn.nyc3.digitaloceanspaces.com/user-data/production/0f271434-58d2-4912-a9c9-8a5da0efb8d2/uploads/images/5d0935703bb52b587a3ccdb957221f89.png
Morlibint's Dossier/Morlibint’s Dossier- On the Fleshwarping Laboratories,Cover,https://wa-cdn.nyc3.digitaloceanspaces.com/user-data/production/0f271434-58d2-4912-a9c9-8a5da0efb8d2/uploads/images/32ff100f60111b3ea3c9b25e7a8acb6a.png
Morlibint's Dossier/Morlibint's Dossier- The Children of Belcorra,Cover,https://wa-cdn.nyc3.digitaloceanspaces.com/user-data/production/0f271434-58d2-4912-a9c9-8a5da0efb8d2/uploads/images/b546a0d5ac5ebd8f23d64fff30c18149.png
Settlements/Tok-Nikrat,Cover,https://wa-cdn.nyc3.digitaloceanspaces.com/user-data/production/0f271434-58d2-4912-a9c9-8a5da0efb8d2/uploads/images/8a1bfbff37cbe9c6b151e83d7057ffc7.png
Settlements/Tok-Nikrat,Portrait,https://wa-cdn.nyc3.digitaloceanspaces.com/user-data/production/0f271434-58d2-4912-a9c9-8a5da0efb8d2/uploads/images/a2c311ed9d560f0659040a68dab2d047.png
Moments/Oleg's Relief,Cover,https://wa-cdn.nyc3.digitaloceanspaces.com/user-data/production/0f271434-58d2-4912-a9c9-8a5da0efb8d2/uploads/images/b546a0d5ac5ebd8f23d64fff30c18149.png
Uncategorized Articles/Hooktongue,Cover,https://wa-cdn.nyc3.digitaloceanspaces.com/user-data/production/0f271434-58d2-4912-a9c9-8a5da0efb8d2/uploads/images/b546a0d5ac5ebd8f23d64fff30c18149.png
Morlibint's Dossier/Morlibeint's Dossier- On Sources and Reliability,Cover,https://wa-cdn.nyc3.digitaloceanspaces.com/user-data/production/0f271434-58d2-4912-a9c9-8a5da0efb8d2/uploads/images/32ff100f60111b3ea3c9b25e7a8acb6a.png
Session Reports 41-60/Session 51- Storms on the Western Horizon,Cover,https://wa-cdn.nyc3.cdn.digitaloceanspaces.com/user-data/production/0f271434-58d2-4912-a9c9-8a5da0efb8d2/uploads/images/110a4fd3e759fb3f6f81c3bbdd3fabac.png
Vignettes - Abomination Vaults/Otari Sleeps Uneasily,Cover,https://wa-cdn.nyc3.digitaloceanspaces.com/user-data/production/0f271434-58d2-4912-a9c9-8a5da0efb8d2/uploads/images/b546a0d5ac5ebd8f23d64fff30c18149.png
Vignettes - Abomination Vaults/Talia Swims with the Fishes,Cover,https://wa-cdn.nyc3.digitaloceanspaces.com/user-data/production/0f271434-58d2-4912-a9c9-8a5da0efb8d2/uploads/images/b546a0d5ac5ebd8f23d64fff30c18149.png
Uncategorized Articles/Fort Serenko Lumberworks,Cover,https://wa-cdn.nyc3.cdn.digitaloceanspaces.com/user-data/production/0f271434-58d2-4912-a9c9-8a5da0efb8d2/uploads/images/2c2d28b87bde41f3a53923c6d7c4143f.png
Uncategorized Articles/Fort Serenko Lumberworks,Portrait,https://wa-cdn.nyc3.digitaloceanspaces.com/user-data/production/0f271434-58d2-4912-a9c9-8a5da0efb8d2/uploads/images/8ae27f908f10d8ab571f100110dfac3a.png
Uncategorized Articles/Free University of Thumping Waters,Cover,https://wa-cdn.nyc3.cdn.digitaloceanspaces.com/user-data/production/0f271434-58d2-4912-a9c9-8a5da0efb8d2/uploads/images/2c2d28b87bde41f3a53923c6d7c4143f.png
Uncategorized Articles/Free University of Thumping Waters,Flag (organization),https://wa-cdn.nyc3.digitaloceanspaces.com/user-data/production/0f271434-58d2-4912-a9c9-8a5da0efb8d2/uploads/images/7d7bb97764cd17f12df1213d7bb2795b.png
Intelligence Reports/The -Charleton- File,Cover,https://wa-cdn.nyc3.digitaloceanspaces.com/user-data/production/0f271434-58d2-4912-a9c9-8a5da0efb8d2/uploads/images/ee82cf8c9a0776c2e6b2d9174c49d1a7.png
Vignettes - Abomination Vaults/The Gauntlight Awakens,Cover,https://wa-cdn.nyc3.digitaloceanspaces.com/user-data/production/0f271434-58d2-4912-a9c9-8a5da0efb8d2/uploads/images/b546a0d5ac5ebd8f23d64fff30c18149.png
NPCs/Jhod Kavken,Cover,https://wa-cdn.nyc3.digitaloceanspaces.com/user-data/production/0f271434-58d2-4912-a9c9-8a5da0efb8d2/uploads/images/b546a0d5ac5ebd8f23d64fff30c18149.png
NPCs/Jhod Kavken,Portrait,https://www.worldanvil.com/uploads/images/5e978e74bd7f013868a6aed7b3c2a66e.webp
Uncategorized Articles/Brevoy,Cover,https://wa-cdn.nyc3.digitaloceanspaces.com/user-data/production/0f271434-58d2-4912-a9c9-8a5da0efb8d2/uploads/images/b546a0d5ac5ebd8f23d64fff30c18149.png
Uncategorized Articles/Brevoy,Flag (organization),https://wa-cdn.nyc3.digitaloceanspaces.com/user-data/production/0f271434-58d2-4912-a9c9-8a5da0efb8d2/uploads/images/cf06429a017c16c0732e1a4efd437ab2.webp
NPCs/Stag Lord,Cover,https://wa-cdn.nyc3.digitaloceanspaces.com/user-data/production/0f271434-58d2-4912-a9c9-8a5da0efb8d2/uploads/images/b546a0d5ac5ebd8f23d64fff30c18149.png
NPCs/Stag Lord,Portrait,https://www.worldanvil.com/uploads/images/4b96a7c6ca583c27d3cd591a9a195f8d.webp
NPCs/Jamandi Aldori,Cover,https://wa-cdn.nyc3.digitaloceanspaces.com/user-data/production/0f271434-58d2-4912-a9c9-8a5da0efb8d2/uploads/images/b546a0d5ac5ebd8f23d64fff30c18149.png
NPCs/Jamandi Aldori,Portrait,https://www.worldanvil.com/uploads/images/0e21a1844d5f9cc6cb86f9024120b09d.jpg
Moments/Linzi's Journal,Cover,https://wa-cdn.nyc3.digitaloceanspaces.com/user-data/production/0f271434-58d2-4912-a9c9-8a5da0efb8d2/uploads/images/b546a0d5ac5ebd8f23d64fff30c18149.png
NPCs/Nok-Nok,Cover,https://wa-cdn.nyc3.digitaloceanspaces.com/user-data/production/0f271434-58d2-4912-a9c9-8a5da0efb8d2/uploads/images/8a1bfbff37cbe9c6b151e83d7057ffc7.png
NPCs/Nok-Nok,Portrait,https://wa-cdn.nyc3.digitaloceanspaces.com/user-data/production/0f271434-58d2-4912-a9c9-8a5da0efb8d2/uploads/images/80208137f4d8f6505152111379f420e7.png
Session Reports 41-60/Session 56- Pitax Awakens,Cover,https://wa-cdn.nyc3.cdn.digitaloceanspaces.com/user-data/production/0f271434-58d2-4912-a9c9-8a5da0efb8d2/uploads/images/110a4fd3e759fb3f6f81c3bbdd3fabac.png
Settlements/Fort Serenko,Cover,https://wa-cdn.nyc3.digitaloceanspaces.com/user-data/production/0f271434-58d2-4912-a9c9-8a5da0efb8d2/uploads/images/b546a0d5ac5ebd8f23d64fff30c18149.png
Session Reports 41-60/Session 60- The Years Between,Cover,https://wa-cdn.nyc3.cdn.digitaloceanspaces.com/user-data/production/0f271434-58d2-4912-a9c9-8a5da0efb8d2/uploads/images/110a4fd3e759fb3f6f81c3bbdd3fabac.png
Uncategorized Articles/Dunsward,Cover,https://wa-cdn.nyc3.digitaloceanspaces.com/user-data/production/0f271434-58d2-4912-a9c9-8a5da0efb8d2/uploads/images/b546a0d5ac5ebd8f23d64fff30c18149.png
NPCs/Tristian,Cover,https://wa-cdn.nyc3.cdn.digitaloceanspaces.com/user-data/production/0f271434-58d2-4912-a9c9-8a5da0efb8d2/uploads/images/2c2d28b87bde41f3a53923c6d7c4143f.png
NPCs/Tristian,Portrait,https://wa-cdn.nyc3.digitaloceanspaces.com/user-data/production/0f271434-58d2-4912-a9c9-8a5da0efb8d2/uploads/images/8ec3e0278927c787d846ad26d96def63.png
Session Reports 21-40/Session 33- Blockhouse Assault - Cracking the Fortress,Cover,https://wa-cdn.nyc3.digitaloceanspaces.com/user-data/production/0f271434-58d2-4912-a9c9-8a5da0efb8d2/uploads/images/8a1bfbff37cbe9c6b151e83d7057ffc7.png
NPCs/Svetlana Leveton,Cover,https://wa-cdn.nyc3.digitaloceanspaces.com/user-data/production/0f271434-58d2-4912-a9c9-8a5da0efb8d2/uploads/images/b546a0d5ac5ebd8f23d64fff30c18149.png
NPCs/Svetlana Leveton,Portrait,https://wa-cdn.nyc3.digitaloceanspaces.com/user-data/production/0f271434-58d2-4912-a9c9-8a5da0efb8d2/uploads/images/9e2650aff8fb1b94c8aeb91f3716de41.png
NPCs/Bokken,Cover,https://wa-cdn.nyc3.digitaloceanspaces.com/user-data/production/0f271434-58d2-4912-a9c9-8a5da0efb8d2/uploads/images/b546a0d5ac5ebd8f23d64fff30c18149.png
NPCs/Bokken,Portrait,https://www.worldanvil.com/uploads/images/48848b2ebc99709c8dddb930510bbaac.webp
Session Reports 41-60/Session 46- The Cleansing Lie,Cover,https://wa-cdn.nyc3.digitaloceanspaces.com/user-data/production/0f271434-58d2-4912-a9c9-8a5da0efb8d2/uploads/images/8a1bfbff37cbe9c6b151e83d7057ffc7.png
Session Reports 21-40/Session 38- The Fall of M'botuu,Cover,https://wa-cdn.nyc3.digitaloceanspaces.com/user-data/production/0f271434-58d2-4912-a9c9-8a5da0efb8d2/uploads/images/8a1bfbff37cbe9c6b151e83d7057ffc7.png
NPCs/Chief Sootscale,Cover,https://wa-cdn.nyc3.digitaloceanspaces.com/user-data/production/0f271434-58d2-4912-a9c9-8a5da0efb8d2/uploads/images/b546a0d5ac5ebd8f23d64fff30c18149.png
NPCs/Chief Sootscale,Portrait,https://wa-cdn.nyc3.digitaloceanspaces.com/user-data/production/0f271434-58d2-4912-a9c9-8a5da0efb8d2/uploads/images/04342cdadc72723b822b3060a085e4da.png
Ruling Council/Ministry of Intelligence,Cover,https://wa-cdn.nyc3.digitaloceanspaces.com/user-data/production/0f271434-58d2-4912-a9c9-8a5da0efb8d2/uploads/images/48fb79abc6f1a9e7d82ca5e30ffb9056.png
Ruling Council/Ministry of Intelligence,Flag (organization),https://wa-cdn.nyc3.digitaloceanspaces.com/user-data/production/0f271434-58d2-4912-a9c9-8a5da0efb8d2/uploads/images/347ee96b605c1c613bdbb9cc002b941d.png
Moments/Grigori's Fate,Cover,https://wa-cdn.nyc3.digitaloceanspaces.com/user-data/production/0f271434-58d2-4912-a9c9-8a5da0efb8d2/uploads/images/b546a0d5ac5ebd8f23d64fff30c18149.png
Artifacts and Relics/Amiri's Sword,Cover,https://wa-cdn.nyc3.digitaloceanspaces.com/user-data/production/0f271434-58d2-4912-a9c9-8a5da0efb8d2/uploads/images/b546a0d5ac5ebd8f23d64fff30c18149.png
Morlibint's Dossier/Morlibint's Dossier- The Farm,Cover,https://wa-cdn.nyc3.digitaloceanspaces.com/user-data/production/0f271434-58d2-4912-a9c9-8a5da0efb8d2/uploads/images/32ff100f60111b3ea3c9b25e7a8acb6a.png
Session Reports 0-20/Session 05- Finishing the Old Sycamore,Cover,https://wa-cdn.nyc3.digitaloceanspaces.com/user-data/production/0f271434-58d2-4912-a9c9-8a5da0efb8d2/uploads/images/8a1bfbff37cbe9c6b151e83d7057ffc7.png
Characters/Seamus,Cover,https://wa-cdn.nyc3.digitaloceanspaces.com/user-data/production/0f271434-58d2-4912-a9c9-8a5da0efb8d2/uploads/images/b546a0d5ac5ebd8f23d64fff30c18149.png
Characters/Seamus,Portrait,https://wa-cdn.nyc3.cdn.digitaloceanspaces.com/user-data/production/60df5573-0213-4922-83c1-b66dbe563969/uploads/images/c020c1fa0b7a4505ff872aa83a2c0a7e.png
Moments/Looking Into the Void,Cover,https://wa-cdn.nyc3.digitaloceanspaces.com/user-data/production/0f271434-58d2-4912-a9c9-8a5da0efb8d2/uploads/images/b546a0d5ac5ebd8f23d64fff30c18149.png
Moments/The Stone Rat,Cover,https://wa-cdn.nyc3.digitaloceanspaces.com/user-data/production/0f271434-58d2-4912-a9c9-8a5da0efb8d2/uploads/images/b546a0d5ac5ebd8f23d64fff30c18149.png
"Morlibint's Dossier/Morlibint’s Dossier- Wisps, Fog, and Dreams",Cover,https://wa-cdn.nyc3.digitaloceanspaces.com/user-data/production/0f271434-58d2-4912-a9c9-8a5da0efb8d2/uploads/images/32ff100f60111b3ea3c9b25e7a8acb6a.png
Moments/The End Comes... Thankfully,Cover,https://wa-cdn.nyc3.digitaloceanspaces.com/user-data/production/0f271434-58d2-4912-a9c9-8a5da0efb8d2/uploads/images/b546a0d5ac5ebd8f23d64fff30c18149.png
Session Reports 21-40/Session 24- Visit to Varnhold,Cover,https://wa-cdn.nyc3.digitaloceanspaces.com/user-data/production/0f271434-58d2-4912-a9c9-8a5da0efb8d2/uploads/images/8a1bfbff37cbe9c6b151e83d7057ffc7.png
NPCs/Tamary Numesti,Cover,https://wa-cdn.nyc3.digitaloceanspaces.com/user-data/production/0f271434-58d2-4912-a9c9-8a5da0efb8d2/uploads/images/b546a0d5ac5ebd8f23d64fff30c18149.png
Vignettes - Abomination Vaults/Caged Animal,Cover,https://wa-cdn.nyc3.digitaloceanspaces.com/user-data/production/0f271434-58d2-4912-a9c9-8a5da0efb8d2/uploads/images/b546a0d5ac5ebd8f23d64fff30c18149.png
NPCs/Amiri,Cover,https://wa-cdn.nyc3.digitaloceanspaces.com/user-data/production/0f271434-58d2-4912-a9c9-8a5da0efb8d2/uploads/images/b546a0d5ac5ebd8f23d64fff30c18149.png
NPCs/Amiri,Portrait,https://wa-cdn.nyc3.digitaloceanspaces.com/user-data/production/0f271434-58d2-4912-a9c9-8a5da0efb8d2/uploads/images/5b272e33309846068fafbb496b7204c4.jpeg
Session Reports 0-20/Session 13- The Depths of Candlemere Island,Cover,https://wa-cdn.nyc3.digitaloceanspaces.com/user-data/production/0f271434-58d2-4912-a9c9-8a5da0efb8d2/uploads/images/8a1bfbff37cbe9c6b151e83d7057ffc7.png
Session Reports 41-60/Session 43- The Fall of Fort Drelev,Cover,https://wa-cdn.nyc3.digitaloceanspaces.com/user-data/production/0f271434-58d2-4912-a9c9-8a5da0efb8d2/uploads/images/8a1bfbff37cbe9c6b151e83d7057ffc7.png
Vignettes - Abomination Vaults/When the Dark Teaches Hunger,Cover,https://wa-cdn.nyc3.digitaloceanspaces.com/user-data/production/0f271434-58d2-4912-a9c9-8a5da0efb8d2/uploads/images/b546a0d5ac5ebd8f23d64fff30c18149.png
Moments/Linzi's Dreams,Cover,https://wa-cdn.nyc3.digitaloceanspaces.com/user-data/production/0f271434-58d2-4912-a9c9-8a5da0efb8d2/uploads/images/b546a0d5ac5ebd8f23d64fff30c18149.png
Session Reports 0-20/Session 12- Kingdom Mysteries,Cover,https://wa-cdn.nyc3.digitaloceanspaces.com/user-data/production/0f271434-58d2-4912-a9c9-8a5da0efb8d2/uploads/images/8a1bfbff37cbe9c6b151e83d7057ffc7.png
Vignettes - Abomination Vaults/Blue Purgatory,Cover,https://wa-cdn.nyc3.digitaloceanspaces.com/user-data/production/0f271434-58d2-4912-a9c9-8a5da0efb8d2/uploads/images/b546a0d5ac5ebd8f23d64fff30c18149.png
The Lantern and Ledger/The King Comes to Thumpington,Cover,https://wa-cdn.nyc3.cdn.digitaloceanspaces.com/user-data/production/0f271434-58d2-4912-a9c9-8a5da0efb8d2/uploads/images/110a4fd3e759fb3f6f81c3bbdd3fabac.png
Characters/Leif Darkwood,Cover,https://wa-cdn.nyc3.digitaloceanspaces.com/user-data/production/0f271434-58d2-4912-a9c9-8a5da0efb8d2/uploads/images/b546a0d5ac5ebd8f23d64fff30c18149.png
Characters/Leif Darkwood,Portrait,https://wa-cdn.nyc3.cdn.digitaloceanspaces.com/user-data/production/47878688-6426-4232-bf8a-63d66640a9c0/uploads/images/c413bfb855cb68119ff28db588d4799f.jpeg
Session Reports 0-20/Session 03- Big Trouble at Little Oleg's,Cover,https://wa-cdn.nyc3.digitaloceanspaces.com/user-data/production/0f271434-58d2-4912-a9c9-8a5da0efb8d2/uploads/images/8a1bfbff37cbe9c6b151e83d7057ffc7.png
Uncategorized Articles/Delver's Brewery,Cover,https://wa-cdn.nyc3.cdn.digitaloceanspaces.com/user-data/production/0f271434-58d2-4912-a9c9-8a5da0efb8d2/uploads/images/2c2d28b87bde41f3a53923c6d7c4143f.png
Uncategorized Articles/Delver's Brewery,Portrait,https://wa-cdn.nyc3.digitaloceanspaces.com/user-data/production/0f271434-58d2-4912-a9c9-8a5da0efb8d2/uploads/images/b84367c686c3d78e54c866adc3136cd3.png
Session Reports 21-40/Session 27- The Inconsequent Debates,Cover,https://wa-cdn.nyc3.digitaloceanspaces.com/user-data/production/0f271434-58d2-4912-a9c9-8a5da0efb8d2/uploads/images/8a1bfbff37cbe9c6b151e83d7057ffc7.png
Moments/My Kingdom Awaits,Cover,https://wa-cdn.nyc3.digitaloceanspaces.com/user-data/production/0f271434-58d2-4912-a9c9-8a5da0efb8d2/uploads/images/b546a0d5ac5ebd8f23d64fff30c18149.png
Session Reports 0-20/Session 10- Founding Day 3 - A Good Day to Found Hard,Cover,https://wa-cdn.nyc3.digitaloceanspaces.com/user-data/production/0f271434-58d2-4912-a9c9-8a5da0efb8d2/uploads/images/8a1bfbff37cbe9c6b151e83d7057ffc7.png
Vignettes - Abomination Vaults/No Way to Get Ahead,Cover,https://wa-cdn.nyc3.digitaloceanspaces.com/user-data/production/0f271434-58d2-4912-a9c9-8a5da0efb8d2/uploads/images/b546a0d5ac5ebd8f23d64fff30c18149.png
NPCs/Tartuccio,Cover,https://wa-cdn.nyc3.digitaloceanspaces.com/user-data/production/0f271434-58d2-4912-a9c9-8a5da0efb8d2/uploads/images/b546a0d5ac5ebd8f23d64fff30c18149.png
NPCs/Tartuccio,Portrait,https://www.worldanvil.com/uploads/images/eb980d3285abef38b5f05bdc72a11bb4.jpg
Moments/The Last Door,Cover,https://wa-cdn.nyc3.digitaloceanspaces.com/user-data/production/0f271434-58d2-4912-a9c9-8a5da0efb8d2/uploads/images/b546a0d5ac5ebd8f23d64fff30c18149.png
The Lantern and Ledger/The Water Owed Him One,Cover,https://wa-cdn.nyc3.cdn.digitaloceanspaces.com/user-data/production/0f271434-58d2-4912-a9c9-8a5da0efb8d2/uploads/images/110a4fd3e759fb3f6f81c3bbdd3fabac.png
NPCs/Linzi,Cover,https://wa-cdn.nyc3.digitaloceanspaces.com/user-data/production/0f271434-58d2-4912-a9c9-8a5da0efb8d2/uploads/images/b546a0d5ac5ebd8f23d64fff30c18149.png
NPCs/Linzi,Portrait,https://wa-cdn.nyc3.cdn.digitaloceanspaces.com/user-data/production/0f271434-58d2-4912-a9c9-8a5da0efb8d2/uploads/images/8766016860c4c910942acb7a998a918d.png
Ruling Council/Ministry of Magic,Cover,https://wa-cdn.nyc3.digitaloceanspaces.com/user-data/production/0f271434-58d2-4912-a9c9-8a5da0efb8d2/uploads/images/48fb79abc6f1a9e7d82ca5e30ffb9056.png
Ruling Council/Ministry of Magic,Flag (organization),https://wa-cdn.nyc3.digitaloceanspaces.com/user-data/production/0f271434-58d2-4912-a9c9-8a5da0efb8d2/uploads/images/8ec3e0278927c787d846ad26d96def63.png
Session Reports 41-60/Session 44- Blood Oaths and Broken Chains,Cover,https://wa-cdn.nyc3.digitaloceanspaces.com/user-data/production/0f271434-58d2-4912-a9c9-8a5da0efb8d2/uploads/images/8a1bfbff37cbe9c6b151e83d7057ffc7.png
NPCs/Roald Celinnas,Cover,https://wa-cdn.nyc3.digitaloceanspaces.com/user-data/production/0f271434-58d2-4912-a9c9-8a5da0efb8d2/uploads/images/8a1bfbff37cbe9c6b151e83d7057ffc7.png
NPCs/Roald Celinnas,Portrait,https://wa-cdn.nyc3.digitaloceanspaces.com/user-data/production/0f271434-58d2-4912-a9c9-8a5da0efb8d2/uploads/images/76f8ae1608d30f669e0e51a3ea8598e8.png
Groups/Aldori Swordlords,Cover,https://wa-cdn.nyc3.digitaloceanspaces.com/user-data/production/0f271434-58d2-4912-a9c9-8a5da0efb8d2/uploads/images/b546a0d5ac5ebd8f23d64fff30c18149.png
Morlibint's Dossier/Morlibint’s Dossier- The Haruvex Lineage,Cover,https://wa-cdn.nyc3.digitaloceanspaces.com/user-data/production/0f271434-58d2-4912-a9c9-8a5da0efb8d2/uploads/images/32ff100f60111b3ea3c9b25e7a8acb6a.png
Settlements/Varnhold,Cover,https://wa-cdn.nyc3.digitaloceanspaces.com/user-data/production/0f271434-58d2-4912-a9c9-8a5da0efb8d2/uploads/images/b546a0d5ac5ebd8f23d64fff30c18149.png
Settlements/Willowfen,Cover,https://wa-cdn.nyc3.digitaloceanspaces.com/user-data/production/0f271434-58d2-4912-a9c9-8a5da0efb8d2/uploads/images/b546a0d5ac5ebd8f23d64fff30c18149.png
Moments/The Mayor of Mischief,Cover,https://wa-cdn.nyc3.digitaloceanspaces.com/user-data/production/0f271434-58d2-4912-a9c9-8a5da0efb8d2/uploads/images/b546a0d5ac5ebd8f23d64fff30c18149.png
NPCs/Prazil,Cover,https://wa-cdn.nyc3.digitaloceanspaces.com/user-data/production/0f271434-58d2-4912-a9c9-8a5da0efb8d2/uploads/images/b546a0d5ac5ebd8f23d64fff30c18149.png
NPCs/Prazil,Portrait,https://wa-cdn.nyc3.cdn.digitaloceanspaces.com/user-data/production/0f271434-58d2-4912-a9c9-8a5da0efb8d2/uploads/images/35f0e5cdcd0f3dd4cd8f4426d16178e7.png
Moments/It Begins,Cover,https://wa-cdn.nyc3.digitaloceanspaces.com/user-data/production/0f271434-58d2-4912-a9c9-8a5da0efb8d2/uploads/images/b546a0d5ac5ebd8f23d64fff30c18149.png
Session Reports 41-60/Session 52- The Abbey of Broken Bells,Cover,https://wa-cdn.nyc3.cdn.digitaloceanspaces.com/user-data/production/0f271434-58d2-4912-a9c9-8a5da0efb8d2/uploads/images/110a4fd3e759fb3f6f81c3bbdd3fabac.png
Morlibint's Dossier/Morlibint's Dossier- The Farm Redux,Cover,https://wa-cdn.nyc3.digitaloceanspaces.com/user-data/production/0f271434-58d2-4912-a9c9-8a5da0efb8d2/uploads/images/32ff100f60111b3ea3c9b25e7a8acb6a.png
Vignettes - Abomination Vaults/Delivery Stonewalled,Cover,https://wa-cdn.nyc3.digitaloceanspaces.com/user-data/production/0f271434-58d2-4912-a9c9-8a5da0efb8d2/uploads/images/b546a0d5ac5ebd8f23d64fff30c18149.png
Moments/The Town Irovetti Fed to Monsters,Cover,https://wa-cdn.nyc3.digitaloceanspaces.com/user-data/production/0f271434-58d2-4912-a9c9-8a5da0efb8d2/uploads/images/8a1bfbff37cbe9c6b151e83d7057ffc7.png
Ruling Council/Office of the Prime Minister,Cover,https://wa-cdn.nyc3.digitaloceanspaces.com/user-data/production/0f271434-58d2-4912-a9c9-8a5da0efb8d2/uploads/images/48fb79abc6f1a9e7d82ca5e30ffb9056.png
Ruling Council/Office of the Prime Minister,Flag (organization),https://wa-cdn.nyc3.digitaloceanspaces.com/user-data/production/0f271434-58d2-4912-a9c9-8a5da0efb8d2/uploads/images/d08f2264f231eeb2ca164568dba0171c.png
Session Reports 21-40/Session 29- Aftermath,Cover,https://wa-cdn.nyc3.digitaloceanspaces.com/user-data/production/0f271434-58d2-4912-a9c9-8a5da0efb8d2/uploads/images/8a1bfbff37cbe9c6b151e83d7057ffc7.png
NPCs/Tiressia,Cover,https://wa-cdn.nyc3.digitaloceanspaces.com/user-data/production/0f271434-58d2-4912-a9c9-8a5da0efb8d2/uploads/images/b546a0d5ac5ebd8f23d64fff30c18149.png
NPCs/Tiressia,Portrait,https://wa-cdn.nyc3.cdn.digitaloceanspaces.com/user-data/production/0f271434-58d2-4912-a9c9-8a5da0efb8d2/uploads/images/8781ac42e8280c9e107268201101c6ca.jpeg
Moments/Gershwin's Grattitude,Cover,https://wa-cdn.nyc3.digitaloceanspaces.com/user-data/production/0f271434-58d2-4912-a9c9-8a5da0efb8d2/uploads/images/b546a0d5ac5ebd8f23d64fff30c18149.png
Session Reports 21-40/Session 22- The Mystery of the Missing Money,Cover,https://wa-cdn.nyc3.digitaloceanspaces.com/user-data/production/0f271434-58d2-4912-a9c9-8a5da0efb8d2/uploads/images/8a1bfbff37cbe9c6b151e83d7057ffc7.png
Moments/Hanspur's Chosen,Cover,https://wa-cdn.nyc3.digitaloceanspaces.com/user-data/production/0f271434-58d2-4912-a9c9-8a5da0efb8d2/uploads/images/b546a0d5ac5ebd8f23d64fff30c18149.png
NPCs/King Castruccio Irrovetti,Cover,https://wa-cdn.nyc3.digitaloceanspaces.com/user-data/production/0f271434-58d2-4912-a9c9-8a5da0efb8d2/uploads/images/b546a0d5ac5ebd8f23d64fff30c18149.png
NPCs/King Castruccio Irrovetti,Portrait,https://wa-cdn.nyc3.digitaloceanspaces.com/user-data/production/0f271434-58d2-4912-a9c9-8a5da0efb8d2/uploads/images/0f9f6860c19e63741d92ada3db487a86.jpeg
Vignettes - Abomination Vaults/Lumbering Threat,Cover,https://wa-cdn.nyc3.digitaloceanspaces.com/user-data/production/0f271434-58d2-4912-a9c9-8a5da0efb8d2/uploads/images/b546a0d5ac5ebd8f23d64fff30c18149.png
NPCs/Grigori,Cover,https://wa-cdn.nyc3.digitaloceanspaces.com/user-data/production/0f271434-58d2-4912-a9c9-8a5da0efb8d2/uploads/images/b546a0d5ac5ebd8f23d64fff30c18149.png
NPCs/Grigori,Portrait,https://wa-cdn.nyc3.cdn.digitaloceanspaces.com/user-data/production/0f271434-58d2-4912-a9c9-8a5da0efb8d2/uploads/images/6d88eb3a5820da1f74ed651f320b572d.png
Settlements/Thumpington,Cover,https://wa-cdn.nyc3.cdn.digitaloceanspaces.com/user-data/production/0f271434-58d2-4912-a9c9-8a5da0efb8d2/uploads/images/2c2d28b87bde41f3a53923c6d7c4143f.png
Vignettes - Abomination Vaults/Musical Purgatory,Cover,https://wa-cdn.nyc3.digitaloceanspaces.com/user-data/production/0f271434-58d2-4912-a9c9-8a5da0efb8d2/uploads/images/b546a0d5ac5ebd8f23d64fff30c18149.png
Characters/Ant,Cover,https://wa-cdn.nyc3.digitaloceanspaces.com/user-data/production/0f271434-58d2-4912-a9c9-8a5da0efb8d2/uploads/images/b546a0d5ac5ebd8f23d64fff30c18149.png
Characters/Ant,Portrait,https://www.worldanvil.com/uploads/images/4cea935af485e9037f6c92beb9b6e9b1.png
Vignettes - Abomination Vaults/Kiri's Captivity,Cover,https://wa-cdn.nyc3.digitaloceanspaces.com/user-data/production/0f271434-58d2-4912-a9c9-8a5da0efb8d2/uploads/images/b546a0d5ac5ebd8f23d64fff30c18149.png
Vignettes - Abomination Vaults/Survivors,Cover,https://wa-cdn.nyc3.digitaloceanspaces.com/user-data/production/0f271434-58d2-4912-a9c9-8a5da0efb8d2/uploads/images/b546a0d5ac5ebd8f23d64fff30c18149.png
Session Reports 41-60/Session 49- The Rushlight Begins,Cover,https://wa-cdn.nyc3.cdn.digitaloceanspaces.com/user-data/production/0f271434-58d2-4912-a9c9-8a5da0efb8d2/uploads/images/110a4fd3e759fb3f6f81c3bbdd3fabac.png
Vignettes - Abomination Vaults/A Brief Lesson in Indoor Voices,Cover,https://wa-cdn.nyc3.digitaloceanspaces.com/user-data/production/0f271434-58d2-4912-a9c9-8a5da0efb8d2/uploads/images/b546a0d5ac5ebd8f23d64fff30c18149.png
Vignettes - Abomination Vaults/When the Shadows Breathe Out,Cover,https://wa-cdn.nyc3.digitaloceanspaces.com/user-data/production/0f271434-58d2-4912-a9c9-8a5da0efb8d2/uploads/images/b546a0d5ac5ebd8f23d64fff30c18149.png
Pitax Gazette/Where is the King-,Cover,https://wa-cdn.nyc3.digitaloceanspaces.com/user-data/production/0f271434-58d2-4912-a9c9-8a5da0efb8d2/uploads/images/5d0935703bb52b587a3ccdb957221f89.png
Pitax Gazette/Pitax Hordes Betrayed by Foreign Agitators,Cover,https://wa-cdn.nyc3.digitaloceanspaces.com/user-data/production/0f271434-58d2-4912-a9c9-8a5da0efb8d2/uploads/images/5d0935703bb52b587a3ccdb957221f89.png
NPCs/Hargulka,Cover,https://wa-cdn.nyc3.digitaloceanspaces.com/user-data/production/0f271434-58d2-4912-a9c9-8a5da0efb8d2/uploads/images/b546a0d5ac5ebd8f23d64fff30c18149.png
NPCs/Hargulka,Portrait,https://wa-cdn.nyc3.cdn.digitaloceanspaces.com/user-data/production/0f271434-58d2-4912-a9c9-8a5da0efb8d2/uploads/images/375343420384ca94d453c1dd2e473da0.webp
Moments/Thorn River Rampage,Cover,https://wa-cdn.nyc3.digitaloceanspaces.com/user-data/production/0f271434-58d2-4912-a9c9-8a5da0efb8d2/uploads/images/b546a0d5ac5ebd8f23d64fff30c18149.png
NPCs/King Vesket,Cover,https://wa-cdn.nyc3.digitaloceanspaces.com/user-data/production/0f271434-58d2-4912-a9c9-8a5da0efb8d2/uploads/images/b546a0d5ac5ebd8f23d64fff30c18149.png
NPCs/King Vesket,Portrait,https://wa-cdn.nyc3.cdn.digitaloceanspaces.com/user-data/production/0f271434-58d2-4912-a9c9-8a5da0efb8d2/uploads/images/396b43c13a1171e965cdd40b6e1cb2c4.png
Moments/The Weight of Discipline,Cover,https://wa-cdn.nyc3.digitaloceanspaces.com/user-data/production/0f271434-58d2-4912-a9c9-8a5da0efb8d2/uploads/images/b546a0d5ac5ebd8f23d64fff30c18149.png
Vignettes - Abomination Vaults/The Only One Listening,Cover,https://wa-cdn.nyc3.digitaloceanspaces.com/user-data/production/0f271434-58d2-4912-a9c9-8a5da0efb8d2/uploads/images/b546a0d5ac5ebd8f23d64fff30c18149.png
Settlements/Greengripe,Cover,https://wa-cdn.nyc3.cdn.digitaloceanspaces.com/user-data/production/0f271434-58d2-4912-a9c9-8a5da0efb8d2/uploads/images/2c2d28b87bde41f3a53923c6d7c4143f.png
Session Reports 41-60/Session 54- The War Heats Up,Cover,https://wa-cdn.nyc3.cdn.digitaloceanspaces.com/user-data/production/0f271434-58d2-4912-a9c9-8a5da0efb8d2/uploads/images/110a4fd3e759fb3f6f81c3bbdd3fabac.png
NPCs/Jubilost Narthropple,Cover,https://wa-cdn.nyc3.digitaloceanspaces.com/user-data/production/0f271434-58d2-4912-a9c9-8a5da0efb8d2/uploads/images/b546a0d5ac5ebd8f23d64fff30c18149.png
NPCs/Jubilost Narthropple,Portrait,https://www.worldanvil.com/uploads/images/92aafd7eee361ce76aa6a60ff6787390.webp
The Lantern and Ledger/The Lantern and Ledger History,Cover,https://wa-cdn.nyc3.cdn.digitaloceanspaces.com/user-data/production/0f271434-58d2-4912-a9c9-8a5da0efb8d2/uploads/images/110a4fd3e759fb3f6f81c3bbdd3fabac.png
NPCs/Nilak,Cover,https://wa-cdn.nyc3.digitaloceanspaces.com/user-data/production/0f271434-58d2-4912-a9c9-8a5da0efb8d2/uploads/images/b546a0d5ac5ebd8f23d64fff30c18149.png
NPCs/Nilak,Portrait,https://wa-cdn.nyc3.digitaloceanspaces.com/user-data/production/0f271434-58d2-4912-a9c9-8a5da0efb8d2/uploads/images/b16510c313714d72eca38fa2faf278da.png
Session Reports 0-20/Session 18- I'm Sailing Away,Cover,https://wa-cdn.nyc3.digitaloceanspaces.com/user-data/production/0f271434-58d2-4912-a9c9-8a5da0efb8d2/uploads/images/8a1bfbff37cbe9c6b151e83d7057ffc7.png
Characters/Matteo,Cover,https://wa-cdn.nyc3.digitaloceanspaces.com/user-data/production/0f271434-58d2-4912-a9c9-8a5da0efb8d2/uploads/images/b546a0d5ac5ebd8f23d64fff30c18149.png
Characters/Matteo,Portrait,https://wa-cdn.nyc3.cdn.digitaloceanspaces.com/user-data/production/f44354c6-9735-4280-856e-a162ec9c49ea/uploads/images/3609b62595d54ce58bf1953089b97b0f.png
Vignettes - Abomination Vaults/Let's See What Happens,Cover,https://wa-cdn.nyc3.digitaloceanspaces.com/user-data/production/0f271434-58d2-4912-a9c9-8a5da0efb8d2/uploads/images/b546a0d5ac5ebd8f23d64fff30c18149.png
Settlements/Olegton,Cover,https://wa-cdn.nyc3.digitaloceanspaces.com/user-data/production/0f271434-58d2-4912-a9c9-8a5da0efb8d2/uploads/images/b546a0d5ac5ebd8f23d64fff30c18149.png
Settlements/Longtail Island,Cover,https://wa-cdn.nyc3.digitaloceanspaces.com/user-data/production/0f271434-58d2-4912-a9c9-8a5da0efb8d2/uploads/images/b546a0d5ac5ebd8f23d64fff30c18149.png
Vignettes - Abomination Vaults/Madness Approaches,Cover,https://wa-cdn.nyc3.digitaloceanspaces.com/user-data/production/0f271434-58d2-4912-a9c9-8a5da0efb8d2/uploads/images/b546a0d5ac5ebd8f23d64fff30c18149.png
Moments/Nok-Nok's Restraint,Cover,https://wa-cdn.nyc3.digitaloceanspaces.com/user-data/production/0f271434-58d2-4912-a9c9-8a5da0efb8d2/uploads/images/b546a0d5ac5ebd8f23d64fff30c18149.png
NPCs/Euan Blackwood,Cover,https://wa-cdn.nyc3.digitaloceanspaces.com/user-data/production/0f271434-58d2-4912-a9c9-8a5da0efb8d2/uploads/images/b546a0d5ac5ebd8f23d64fff30c18149.png
NPCs/Euan Blackwood,Portrait,https://wa-cdn.nyc3.cdn.digitaloceanspaces.com/user-data/production/0f271434-58d2-4912-a9c9-8a5da0efb8d2/uploads/images/0e7ae8bb827eb32e3a1dd5caf51794c3.jpeg
Artifacts and Relics/Oculus of Abaddon,Cover,https://wa-cdn.nyc3.digitaloceanspaces.com/user-data/production/0f271434-58d2-4912-a9c9-8a5da0efb8d2/uploads/images/b546a0d5ac5ebd8f23d64fff30c18149.png
NPCs/Kisandra Numesti,Cover,https://wa-cdn.nyc3.digitaloceanspaces.com/user-data/production/0f271434-58d2-4912-a9c9-8a5da0efb8d2/uploads/images/b546a0d5ac5ebd8f23d64fff30c18149.png
NPCs/Kisandra Numesti,Portrait,https://wa-cdn.nyc3.digitaloceanspaces.com/user-data/production/0f271434-58d2-4912-a9c9-8a5da0efb8d2/uploads/images/a4e4d7cfd0486989a15cf2e2ce3f9747.png
"Session Reports 0-20/Session 19- The Kobolds, the Iruxi, and the Trolls",Cover,https://wa-cdn.nyc3.digitaloceanspaces.com/user-data/production/0f271434-58d2-4912-a9c9-8a5da0efb8d2/uploads/images/8a1bfbff37cbe9c6b151e83d7057ffc7.png
NPCs/Kesten Garess,Cover,https://wa-cdn.nyc3.digitaloceanspaces.com/user-data/production/0f271434-58d2-4912-a9c9-8a5da0efb8d2/uploads/images/b546a0d5ac5ebd8f23d64fff30c18149.png
NPCs/Kesten Garess,Portrait,https://www.worldanvil.com/uploads/images/e8c3a3306b6d94b17a8d551482cf4779.webp
Characters/Ally Grainger,Cover,https://wa-cdn.nyc3.digitaloceanspaces.com/user-data/production/0f271434-58d2-4912-a9c9-8a5da0efb8d2/uploads/images/b546a0d5ac5ebd8f23d64fff30c18149.png
Characters/Ally Grainger,Portrait,https://www.worldanvil.com/uploads/images/9e023fdb9727060ce6d57a4fdb918fd0.jpg
Morlibint's Dossier/Morlibint’s Dossier- Corrective Annotation,Cover,https://wa-cdn.nyc3.digitaloceanspaces.com/user-data/production/0f271434-58d2-4912-a9c9-8a5da0efb8d2/uploads/images/32ff100f60111b3ea3c9b25e7a8acb6a.png
Session Reports 21-40/Session 28- Source of the Bloom,Cover,https://wa-cdn.nyc3.digitaloceanspaces.com/user-data/production/0f271434-58d2-4912-a9c9-8a5da0efb8d2/uploads/images/8a1bfbff37cbe9c6b151e83d7057ffc7.png
Vignettes - Abomination Vaults/Reflections,Cover,https://wa-cdn.nyc3.digitaloceanspaces.com/user-data/production/0f271434-58d2-4912-a9c9-8a5da0efb8d2/uploads/images/b546a0d5ac5ebd8f23d64fff30c18149.png
Session Reports 41-60/Session 53- Of Blessed Waters and Buried Devils,Cover,https://wa-cdn.nyc3.cdn.digitaloceanspaces.com/user-data/production/0f271434-58d2-4912-a9c9-8a5da0efb8d2/uploads/images/110a4fd3e759fb3f6f81c3bbdd3fabac.png
Animal Companions/Connal,Cover,https://wa-cdn.nyc3.digitaloceanspaces.com/user-data/production/0f271434-58d2-4912-a9c9-8a5da0efb8d2/uploads/images/b546a0d5ac5ebd8f23d64fff30c18149.png
Animal Companions/Connal,Portrait,https://wa-cdn.nyc3.digitaloceanspaces.com/user-data/production/0f271434-58d2-4912-a9c9-8a5da0efb8d2/uploads/images/15a9a2df5f31321a17a890ccf86992a6.jpeg
Moments/Bokken's Memories,Cover,https://wa-cdn.nyc3.digitaloceanspaces.com/user-data/production/0f271434-58d2-4912-a9c9-8a5da0efb8d2/uploads/images/b546a0d5ac5ebd8f23d64fff30c18149.png
Vignettes - Abomination Vaults/Malaroth's Judgement,Cover,https://wa-cdn.nyc3.digitaloceanspaces.com/user-data/production/0f271434-58d2-4912-a9c9-8a5da0efb8d2/uploads/images/b546a0d5ac5ebd8f23d64fff30c18149.png
Artifacts and Relics/Ovinrbaane,Cover,https://wa-cdn.nyc3.digitaloceanspaces.com/user-data/production/0f271434-58d2-4912-a9c9-8a5da0efb8d2/uploads/images/8a1bfbff37cbe9c6b151e83d7057ffc7.png
Session Reports 41-60/Session 58- Tyrant's Last Refuge,Cover,https://wa-cdn.nyc3.cdn.digitaloceanspaces.com/user-data/production/0f271434-58d2-4912-a9c9-8a5da0efb8d2/uploads/images/110a4fd3e759fb3f6f81c3bbdd3fabac.png
Morlibint's Dossier/Morlibint’s Dossier- The Roseguard,Cover,https://wa-cdn.nyc3.digitaloceanspaces.com/user-data/production/0f271434-58d2-4912-a9c9-8a5da0efb8d2/uploads/images/32ff100f60111b3ea3c9b25e7a8acb6a.png
NPCs/Latricia Rezbin,Cover,https://wa-cdn.nyc3.digitaloceanspaces.com/user-data/production/0f271434-58d2-4912-a9c9-8a5da0efb8d2/uploads/images/b546a0d5ac5ebd8f23d64fff30c18149.png
NPCs/Valerie,Cover,https://wa-cdn.nyc3.digitaloceanspaces.com/user-data/production/0f271434-58d2-4912-a9c9-8a5da0efb8d2/uploads/images/b546a0d5ac5ebd8f23d64fff30c18149.png
NPCs/Valerie,Portrait,https://wa-cdn.nyc3.cdn.digitaloceanspaces.com/user-data/production/0f271434-58d2-4912-a9c9-8a5da0efb8d2/uploads/images/0f9b91a8245ba2370c4b1ca9f80ec342.png
NPCs/Armag the Twice-Born,Cover,https://wa-cdn.nyc3.digitaloceanspaces.com/user-data/production/0f271434-58d2-4912-a9c9-8a5da0efb8d2/uploads/images/b546a0d5ac5ebd8f23d64fff30c18149.png
NPCs/Armag the Twice-Born,Portrait,https://wa-cdn.nyc3.digitaloceanspaces.com/user-data/production/0f271434-58d2-4912-a9c9-8a5da0efb8d2/uploads/images/4ce88036d3a64ecfeb8415527f1b52f7.png
Ruling Council/Ministry of Justice,Cover,https://wa-cdn.nyc3.digitaloceanspaces.com/user-data/production/0f271434-58d2-4912-a9c9-8a5da0efb8d2/uploads/images/48fb79abc6f1a9e7d82ca5e30ffb9056.png
Ruling Council/Ministry of Justice,Flag (organization),https://wa-cdn.nyc3.digitaloceanspaces.com/user-data/production/0f271434-58d2-4912-a9c9-8a5da0efb8d2/uploads/images/301b48a54cdf712766d4987d1ffa1668.png
Morlibint's Dossier/Morlibint’s Dossier- On the So-Called Cult of the Canker,Cover,https://wa-cdn.nyc3.digitaloceanspaces.com/user-data/production/0f271434-58d2-4912-a9c9-8a5da0efb8d2/uploads/images/32ff100f60111b3ea3c9b25e7a8acb6a.png
Morlibint's Dossier/Morlibint’s Dossier- Servants and Survivors,Cover,https://wa-cdn.nyc3.digitaloceanspaces.com/user-data/production/0f271434-58d2-4912-a9c9-8a5da0efb8d2/uploads/images/32ff100f60111b3ea3c9b25e7a8acb6a.png
"The Lantern and Ledger/Nok-Nok, Hero of the Mite Warrens and Governor of Greengripe, Falls in Battle",Cover,https://wa-cdn.nyc3.cdn.digitaloceanspaces.com/user-data/production/0f271434-58d2-4912-a9c9-8a5da0efb8d2/uploads/images/110a4fd3e759fb3f6f81c3bbdd3fabac.png
NPCs/Kereek,Cover,https://wa-cdn.nyc3.digitaloceanspaces.com/user-data/production/0f271434-58d2-4912-a9c9-8a5da0efb8d2/uploads/images/b546a0d5ac5ebd8f23d64fff30c18149.png
NPCs/Kereek,Portrait,https://wa-cdn.nyc3.cdn.digitaloceanspaces.com/user-data/production/0f271434-58d2-4912-a9c9-8a5da0efb8d2/uploads/images/9fa751b42cde9da9055a944f3ccf3747.png
NPCs/Pavetta Stroon-Drelev,Cover,https://wa-cdn.nyc3.digitaloceanspaces.com/user-data/production/0f271434-58d2-4912-a9c9-8a5da0efb8d2/uploads/images/b546a0d5ac5ebd8f23d64fff30c18149.png
NPCs/Pavetta Stroon-Drelev,Portrait,https://wa-cdn.nyc3.digitaloceanspaces.com/user-data/production/0f271434-58d2-4912-a9c9-8a5da0efb8d2/uploads/images/e8a0475fabb2b2683e6d8373f69bdfc9.webp
Settlements/Tatzlford,Cover,https://wa-cdn.nyc3.digitaloceanspaces.com/user-data/production/0f271434-58d2-4912-a9c9-8a5da0efb8d2/uploads/images/b546a0d5ac5ebd8f23d64fff30c18149.png
Session Reports 0-20/Session 20- The Beast,Cover,https://wa-cdn.nyc3.digitaloceanspaces.com/user-data/production/0f271434-58d2-4912-a9c9-8a5da0efb8d2/uploads/images/8a1bfbff37cbe9c6b151e83d7057ffc7.png
Moments/Amiri's Flaw,Cover,https://wa-cdn.nyc3.digitaloceanspaces.com/user-data/production/0f271434-58d2-4912-a9c9-8a5da0efb8d2/uploads/images/b546a0d5ac5ebd8f23d64fff30c18149.png
NPCs/Auchs,Cover,https://wa-cdn.nyc3.digitaloceanspaces.com/user-data/production/0f271434-58d2-4912-a9c9-8a5da0efb8d2/uploads/images/b546a0d5ac5ebd8f23d64fff30c18149.png
NPCs/Auchs,Portrait,https://wa-cdn.nyc3.cdn.digitaloceanspaces.com/user-data/production/0f271434-58d2-4912-a9c9-8a5da0efb8d2/uploads/images/4aa2e24f4748951a3cee13e281a78cc9.jpeg
Morlibint's Dossier/Morlibint's Dossier- The Whispering Reeds,Cover,https://wa-cdn.nyc3.digitaloceanspaces.com/user-data/production/0f271434-58d2-4912-a9c9-8a5da0efb8d2/uploads/images/32ff100f60111b3ea3c9b25e7a8acb6a.png
NPCs/Oleg Leveton,Cover,https://wa-cdn.nyc3.digitaloceanspaces.com/user-data/production/0f271434-58d2-4912-a9c9-8a5da0efb8d2/uploads/images/b546a0d5ac5ebd8f23d64fff30c18149.png
NPCs/Oleg Leveton,Portrait,https://wa-cdn.nyc3.digitaloceanspaces.com/user-data/production/0f271434-58d2-4912-a9c9-8a5da0efb8d2/uploads/images/ec60ecce90f66215f0569bca478d829c.png
Vignettes - Abomination Vaults/Rebirth at the Stone Ring Pond,Cover,https://wa-cdn.nyc3.digitaloceanspaces.com/user-data/production/0f271434-58d2-4912-a9c9-8a5da0efb8d2/uploads/images/b546a0d5ac5ebd8f23d64fff30c18149.png
Moments/Older than Last Year,Cover,https://wa-cdn.nyc3.digitaloceanspaces.com/user-data/production/0f271434-58d2-4912-a9c9-8a5da0efb8d2/uploads/images/b546a0d5ac5ebd8f23d64fff30c18149.png
"Session Reports 0-20/Session 11- Explore, Report, Rule!",Cover,https://wa-cdn.nyc3.digitaloceanspaces.com/user-data/production/0f271434-58d2-4912-a9c9-8a5da0efb8d2/uploads/images/8a1bfbff37cbe9c6b151e83d7057ffc7.png
Moments/Vigil's End,Cover,https://wa-cdn.nyc3.digitaloceanspaces.com/user-data/production/0f271434-58d2-4912-a9c9-8a5da0efb8d2/uploads/images/b546a0d5ac5ebd8f23d64fff30c18149.png
NPCs/Ekundayo,Cover,https://wa-cdn.nyc3.digitaloceanspaces.com/user-data/production/0f271434-58d2-4912-a9c9-8a5da0efb8d2/uploads/images/b546a0d5ac5ebd8f23d64fff30c18149.png
NPCs/Ekundayo,Portrait,https://www.worldanvil.com/uploads/images/1134ce34d28bd06f6cec4aa0ba56dc71.webp
Session Reports 21-40/Session 37- A Year of Peace,Cover,https://wa-cdn.nyc3.digitaloceanspaces.com/user-data/production/0f271434-58d2-4912-a9c9-8a5da0efb8d2/uploads/images/8a1bfbff37cbe9c6b151e83d7057ffc7.png
Morlibint's Dossier/Morlibint’s Dossier- Otari Folklore,Cover,https://wa-cdn.nyc3.digitaloceanspaces.com/user-data/production/0f271434-58d2-4912-a9c9-8a5da0efb8d2/uploads/images/32ff100f60111b3ea3c9b25e7a8acb6a.png
Session Reports 41-60/Session 41- The Seige of Tatzlford,Cover,https://wa-cdn.nyc3.digitaloceanspaces.com/user-data/production/0f271434-58d2-4912-a9c9-8a5da0efb8d2/uploads/images/8a1bfbff37cbe9c6b151e83d7057ffc7.png
Characters/Mairi,Cover,https://wa-cdn.nyc3.digitaloceanspaces.com/user-data/production/0f271434-58d2-4912-a9c9-8a5da0efb8d2/uploads/images/b546a0d5ac5ebd8f23d64fff30c18149.png
Characters/Mairi,Portrait,https://www.worldanvil.com/uploads/images/f2b926a2b93e2c5f7a90257a340dd1e6.png
The Lantern and Ledger/The Lantern and Ledger,Cover,https://wa-cdn.nyc3.cdn.digitaloceanspaces.com/user-data/production/0f271434-58d2-4912-a9c9-8a5da0efb8d2/uploads/images/110a4fd3e759fb3f6f81c3bbdd3fabac.png
Session Reports 0-20/Session 09- Founding Day Part 2- The Refoundening,Cover,https://wa-cdn.nyc3.digitaloceanspaces.com/user-data/production/0f271434-58d2-4912-a9c9-8a5da0efb8d2/uploads/images/8a1bfbff37cbe9c6b151e83d7057ffc7.png
Groups/Sootscale Kobolds,Cover,https://wa-cdn.nyc3.digitaloceanspaces.com/user-data/production/0f271434-58d2-4912-a9c9-8a5da0efb8d2/uploads/images/b546a0d5ac5ebd8f23d64fff30c18149.png
Session Reports 21-40/Session 21- Rebuilding,Cover,https://wa-cdn.nyc3.digitaloceanspaces.com/user-data/production/0f271434-58d2-4912-a9c9-8a5da0efb8d2/uploads/images/8a1bfbff37cbe9c6b151e83d7057ffc7.png
Uncategorized Articles/Briny Wake,Cover,https://wa-cdn.nyc3.cdn.digitaloceanspaces.com/user-data/production/0f271434-58d2-4912-a9c9-8a5da0efb8d2/uploads/images/110a4fd3e759fb3f6f81c3bbdd3fabac.png
Uncategorized Articles/Briny Wake,Portrait,https://wa-cdn.nyc3.digitaloceanspaces.com/user-data/production/0f271434-58d2-4912-a9c9-8a5da0efb8d2/uploads/images/6a8d1950f4188aa162e8bc7b261396c6.png
Uncategorized Articles/House of Measured Paths,Cover,https://wa-cdn.nyc3.cdn.digitaloceanspaces.com/user-data/production/0f271434-58d2-4912-a9c9-8a5da0efb8d2/uploads/images/2c2d28b87bde41f3a53923c6d7c4143f.png
Uncategorized Articles/House of Measured Paths,Portrait,https://wa-cdn.nyc3.digitaloceanspaces.com/user-data/production/0f271434-58d2-4912-a9c9-8a5da0efb8d2/uploads/images/8c9a2deeebb85002e88f35e9054c62e6.png
Session Reports 0-20/Session 08- Founding Day!,Cover,https://wa-cdn.nyc3.digitaloceanspaces.com/user-data/production/0f271434-58d2-4912-a9c9-8a5da0efb8d2/uploads/images/8a1bfbff37cbe9c6b151e83d7057ffc7.png
Moments/Rainbows in the Snow,Cover,https://wa-cdn.nyc3.digitaloceanspaces.com/user-data/production/0f271434-58d2-4912-a9c9-8a5da0efb8d2/uploads/images/8dc353493726dc7fcea1937dde6f4925.png
Session Reports 21-40/Session 39- The Fall of Talon Peak,Cover,https://wa-cdn.nyc3.digitaloceanspaces.com/user-data/production/0f271434-58d2-4912-a9c9-8a5da0efb8d2/uploads/images/8a1bfbff37cbe9c6b151e83d7057ffc7.png
"Morlibint's Dossier/Morlibint’s Dossier- Nhimbaloth, the Empty Death",Cover,https://wa-cdn.nyc3.digitaloceanspaces.com/user-data/production/0f271434-58d2-4912-a9c9-8a5da0efb8d2/uploads/images/32ff100f60111b3ea3c9b25e7a8acb6a.png
Uncategorized Articles/Glenebon,Cover,https://wa-cdn.nyc3.digitaloceanspaces.com/user-data/production/0f271434-58d2-4912-a9c9-8a5da0efb8d2/uploads/images/b546a0d5ac5ebd8f23d64fff30c18149.png
Session Reports 21-40/Session 31- Varnhold Vanishing,Cover,https://wa-cdn.nyc3.digitaloceanspaces.com/user-data/production/0f271434-58d2-4912-a9c9-8a5da0efb8d2/uploads/images/8a1bfbff37cbe9c6b151e83d7057ffc7.png
NPCs/Hannis Drelev,Cover,https://wa-cdn.nyc3.digitaloceanspaces.com/user-data/production/0f271434-58d2-4912-a9c9-8a5da0efb8d2/uploads/images/b546a0d5ac5ebd8f23d64fff30c18149.png
NPCs/Hannis Drelev,Portrait,https://wa-cdn.nyc3.digitaloceanspaces.com/user-data/production/0f271434-58d2-4912-a9c9-8a5da0efb8d2/uploads/images/0078658d2cd50c49db28eee964313d32.webp
Morlibint's Dossier/Morlibint's Dossier- The Drow in the Farm,Cover,https://wa-cdn.nyc3.digitaloceanspaces.com/user-data/production/0f271434-58d2-4912-a9c9-8a5da0efb8d2/uploads/images/32ff100f60111b3ea3c9b25e7a8acb6a.png
Session Reports 0-20/Session 16- Death to All Who Oppose Us!,Cover,https://wa-cdn.nyc3.digitaloceanspaces.com/user-data/production/0f271434-58d2-4912-a9c9-8a5da0efb8d2/uploads/images/8a1bfbff37cbe9c6b151e83d7057ffc7.png
Moments/The Stillness Beneath Whiterose,Cover,https://wa-cdn.nyc3.digitaloceanspaces.com/user-data/production/0f271434-58d2-4912-a9c9-8a5da0efb8d2/uploads/images/b546a0d5ac5ebd8f23d64fff30c18149.png
Vignettes - Abomination Vaults/The Weight of One Soul,Cover,https://wa-cdn.nyc3.digitaloceanspaces.com/user-data/production/0f271434-58d2-4912-a9c9-8a5da0efb8d2/uploads/images/b546a0d5ac5ebd8f23d64fff30c18149.png
Uncategorized Articles/Fort Drelev,Cover,https://wa-cdn.nyc3.digitaloceanspaces.com/user-data/production/0f271434-58d2-4912-a9c9-8a5da0efb8d2/uploads/images/b546a0d5ac5ebd8f23d64fff30c18149.png
NPCs/Loy Rezbin,Cover,https://wa-cdn.nyc3.digitaloceanspaces.com/user-data/production/0f271434-58d2-4912-a9c9-8a5da0efb8d2/uploads/images/b546a0d5ac5ebd8f23d64fff30c18149.png
NPCs/Loy Rezbin,Portrait,https://wa-cdn.nyc3.cdn.digitaloceanspaces.com/user-data/production/0f271434-58d2-4912-a9c9-8a5da0efb8d2/uploads/images/c6e3e964c3355cde549ae3db08c88792.png
Moments/Quest for Power,Cover,https://wa-cdn.nyc3.digitaloceanspaces.com/user-data/production/0f271434-58d2-4912-a9c9-8a5da0efb8d2/uploads/images/b546a0d5ac5ebd8f23d64fff30c18149.png
Settlements/Fort Tuskwater,Cover,https://wa-cdn.nyc3.digitaloceanspaces.com/user-data/production/0f271434-58d2-4912-a9c9-8a5da0efb8d2/uploads/images/b546a0d5ac5ebd8f23d64fff30c18149.png
Morlibint's Dossier/Morlibint’s Dossier- On Wrin Sivinxi and the Question of Lenses,Cover,https://wa-cdn.nyc3.digitaloceanspaces.com/user-data/production/0f271434-58d2-4912-a9c9-8a5da0efb8d2/uploads/images/32ff100f60111b3ea3c9b25e7a8acb6a.png
NPCs/Akiros Insmort,Cover,https://wa-cdn.nyc3.digitaloceanspaces.com/user-data/production/0f271434-58d2-4912-a9c9-8a5da0efb8d2/uploads/images/b546a0d5ac5ebd8f23d64fff30c18149.png
NPCs/Akiros Insmort,Portrait,https://wa-cdn.nyc3.cdn.digitaloceanspaces.com/user-data/production/0f271434-58d2-4912-a9c9-8a5da0efb8d2/uploads/images/6c93554f475d0bd363dfeb17c05c52cc.jpeg
Artifacts and Relics/Skybolt,Cover,https://wa-cdn.nyc3.digitaloceanspaces.com/user-data/production/0f271434-58d2-4912-a9c9-8a5da0efb8d2/uploads/images/b546a0d5ac5ebd8f23d64fff30c18149.png
Session Reports 41-60/Session 47- Faithful's End and Expansion,Cover,https://wa-cdn.nyc3.digitaloceanspaces.com/user-data/production/0f271434-58d2-4912-a9c9-8a5da0efb8d2/uploads/images/8a1bfbff37cbe9c6b151e83d7057ffc7.png
Session Reports 21-40/Session 36- Vordakai's End,Cover,https://wa-cdn.nyc3.digitaloceanspaces.com/user-data/production/0f271434-58d2-4912-a9c9-8a5da0efb8d2/uploads/images/8a1bfbff37cbe9c6b151e83d7057ffc7.png
Morlibint's Dossier/Morlibint’s Dossier- Final Assessment,Cover,https://wa-cdn.nyc3.digitaloceanspaces.com/user-data/production/0f271434-58d2-4912-a9c9-8a5da0efb8d2/uploads/images/32ff100f60111b3ea3c9b25e7a8acb6a.png
NPCs/Elga Verniex,Cover,https://wa-cdn.nyc3.digitaloceanspaces.com/user-data/production/0f271434-58d2-4912-a9c9-8a5da0efb8d2/uploads/images/b546a0d5ac5ebd8f23d64fff30c18149.png
NPCs/Elga Verniex,Portrait,https://wa-cdn.nyc3.cdn.digitaloceanspaces.com/user-data/production/0f271434-58d2-4912-a9c9-8a5da0efb8d2/uploads/images/108777fba5c8f07b32dfae1da1b98166.png
Moments/Thumping Waters Charter,Cover,https://wa-cdn.nyc3.digitaloceanspaces.com/user-data/production/0f271434-58d2-4912-a9c9-8a5da0efb8d2/uploads/images/b546a0d5ac5ebd8f23d64fff30c18149.png
Moments/Where Law Cannot Follow,Cover,https://wa-cdn.nyc3.digitaloceanspaces.com/user-data/production/0f271434-58d2-4912-a9c9-8a5da0efb8d2/uploads/images/b546a0d5ac5ebd8f23d64fff30c18149.png
Session Reports 41-60/Session 42- The Fire Beneath Drelev,Cover,https://wa-cdn.nyc3.digitaloceanspaces.com/user-data/production/0f271434-58d2-4912-a9c9-8a5da0efb8d2/uploads/images/8a1bfbff37cbe9c6b151e83d7057ffc7.png
"Session Reports 41-60/Session 50- Silver Overall, Steel at the Border",Cover,https://wa-cdn.nyc3.cdn.digitaloceanspaces.com/user-data/production/0f271434-58d2-4912-a9c9-8a5da0efb8d2/uploads/images/110a4fd3e759fb3f6f81c3bbdd3fabac.png
Vignettes - Kingmaker/The Last Guardian,Cover,https://wa-cdn.nyc3.cdn.digitaloceanspaces.com/user-data/production/0f271434-58d2-4912-a9c9-8a5da0efb8d2/uploads/images/2c2d28b87bde41f3a53923c6d7c4143f.png
NPCs/Ameon Trask,Cover,https://wa-cdn.nyc3.digitaloceanspaces.com/user-data/production/0f271434-58d2-4912-a9c9-8a5da0efb8d2/uploads/images/b546a0d5ac5ebd8f23d64fff30c18149.png
NPCs/Ameon Trask,Portrait,https://wa-cdn.nyc3.digitaloceanspaces.com/user-data/production/0f271434-58d2-4912-a9c9-8a5da0efb8d2/uploads/images/43576dcc64a1381d5209aa211b38383f.png
Vignettes - Abomination Vaults/Chafkhem’s Warning,Cover,https://wa-cdn.nyc3.digitaloceanspaces.com/user-data/production/0f271434-58d2-4912-a9c9-8a5da0efb8d2/uploads/images/b546a0d5ac5ebd8f23d64fff30c18149.png
"Vignettes - Abomination Vaults/Rescued- No, Just More Crowded",Cover,https://wa-cdn.nyc3.digitaloceanspaces.com/user-data/production/0f271434-58d2-4912-a9c9-8a5da0efb8d2/uploads/images/b546a0d5ac5ebd8f23d64fff30c18149.png
Ruling Council/Ministry of Communication,Cover,https://wa-cdn.nyc3.digitaloceanspaces.com/user-data/production/0f271434-58d2-4912-a9c9-8a5da0efb8d2/uploads/images/48fb79abc6f1a9e7d82ca5e30ffb9056.png
Ruling Council/Ministry of Communication,Flag (organization),https://wa-cdn.nyc3.digitaloceanspaces.com/user-data/production/0f271434-58d2-4912-a9c9-8a5da0efb8d2/uploads/images/85d4d3525a24f891f49cd8f4140289ed.png
Vignettes - Abomination Vaults/Gauntlight,Cover,https://wa-cdn.nyc3.digitaloceanspaces.com/user-data/production/0f271434-58d2-4912-a9c9-8a5da0efb8d2/uploads/images/b546a0d5ac5ebd8f23d64fff30c18149.png
NPCs/Maegar Varn,Cover,https://wa-cdn.nyc3.digitaloceanspaces.com/user-data/production/0f271434-58d2-4912-a9c9-8a5da0efb8d2/uploads/images/b546a0d5ac5ebd8f23d64fff30c18149.png
NPCs/Maegar Varn,Portrait,https://www.worldanvil.com/uploads/images/bd6f2b35fe43df12624f35374fc42ecc.jpg
Moments/The Raven Loosed,Cover,https://wa-cdn.nyc3.digitaloceanspaces.com/user-data/production/0f271434-58d2-4912-a9c9-8a5da0efb8d2/uploads/images/b546a0d5ac5ebd8f23d64fff30c18149.png
Characters/Fitzroy,Cover,https://wa-cdn.nyc3.digitaloceanspaces.com/user-data/production/0f271434-58d2-4912-a9c9-8a5da0efb8d2/uploads/images/b546a0d5ac5ebd8f23d64fff30c18149.png
Characters/Fitzroy,Portrait,https://wa-cdn.nyc3.cdn.digitaloceanspaces.com/user-data/production/6f8801f3-8417-490b-9d15-8542f3c9e130/uploads/images/36bc9464dcb625119bbb90d410297216.jpeg
Session Reports 0-20/Session 14- Love Hurts,Cover,https://wa-cdn.nyc3.digitaloceanspaces.com/user-data/production/0f271434-58d2-4912-a9c9-8a5da0efb8d2/uploads/images/8a1bfbff37cbe9c6b151e83d7057ffc7.png
Morlibint's Dossier/Morlibint's Dossier- Closing Remarks,Cover,https://wa-cdn.nyc3.digitaloceanspaces.com/user-data/production/0f271434-58d2-4912-a9c9-8a5da0efb8d2/uploads/images/32ff100f60111b3ea3c9b25e7a8acb6a.png
Session Reports 21-40/Session 35- Into Vordakai's Tomb,Cover,https://wa-cdn.nyc3.digitaloceanspaces.com/user-data/production/0f271434-58d2-4912-a9c9-8a5da0efb8d2/uploads/images/8a1bfbff37cbe9c6b151e83d7057ffc7.png
Session Reports 0-20/Session 15- Anatomically Correct Barghest,Cover,https://wa-cdn.nyc3.digitaloceanspaces.com/user-data/production/0f271434-58d2-4912-a9c9-8a5da0efb8d2/uploads/images/8a1bfbff37cbe9c6b151e83d7057ffc7.png
The Lantern and Ledger/The Waters Stand,Cover,https://wa-cdn.nyc3.cdn.digitaloceanspaces.com/user-data/production/0f271434-58d2-4912-a9c9-8a5da0efb8d2/uploads/images/110a4fd3e759fb3f6f81c3bbdd3fabac.png
Vignettes - Abomination Vaults/9th Life,Cover,https://wa-cdn.nyc3.digitaloceanspaces.com/user-data/production/0f271434-58d2-4912-a9c9-8a5da0efb8d2/uploads/images/b546a0d5ac5ebd8f23d64fff30c18149.png
NPCs/Satinder Morne,Cover,https://wa-cdn.nyc3.digitaloceanspaces.com/user-data/production/0f271434-58d2-4912-a9c9-8a5da0efb8d2/uploads/images/b546a0d5ac5ebd8f23d64fff30c18149.png
NPCs/Satinder Morne,Portrait,https://wa-cdn.nyc3.digitaloceanspaces.com/user-data/production/0f271434-58d2-4912-a9c9-8a5da0efb8d2/uploads/images/45ba3f180d60291f2f62844e275f200c.png
Vignettes - Abomination Vaults/Pathfinder Society Chronicle - Steadfast,Cover,https://wa-cdn.nyc3.digitaloceanspaces.com/user-data/production/0f271434-58d2-4912-a9c9-8a5da0efb8d2/uploads/images/b546a0d5ac5ebd8f23d64fff30c18149.png
Settlements/Embeth Hall,Cover,https://wa-cdn.nyc3.digitaloceanspaces.com/user-data/production/0f271434-58d2-4912-a9c9-8a5da0efb8d2/uploads/images/b546a0d5ac5ebd8f23d64fff30c18149.png
Characters/Elowyn Vask,Cover,https://wa-cdn.nyc3.digitaloceanspaces.com/user-data/production/0f271434-58d2-4912-a9c9-8a5da0efb8d2/uploads/images/b546a0d5ac5ebd8f23d64fff30c18149.png
Characters/Elowyn Vask,Portrait,https://wa-cdn.nyc3.cdn.digitaloceanspaces.com/user-data/production/0f271434-58d2-4912-a9c9-8a5da0efb8d2/uploads/images/bbd321d85f7003ea8822aea5a68b2d5d.png
Intelligence Reports/Wild Hunt,Cover,https://wa-cdn.nyc3.digitaloceanspaces.com/user-data/production/0f271434-58d2-4912-a9c9-8a5da0efb8d2/uploads/images/ee82cf8c9a0776c2e6b2d9174c49d1a7.png
Session Reports 41-60/Session 45- Armag's Tomb Raiders,Cover,https://wa-cdn.nyc3.digitaloceanspaces.com/user-data/production/0f271434-58d2-4912-a9c9-8a5da0efb8d2/uploads/images/8a1bfbff37cbe9c6b151e83d7057ffc7.png
NPCs/Melianse,Cover,https://wa-cdn.nyc3.digitaloceanspaces.com/user-data/production/0f271434-58d2-4912-a9c9-8a5da0efb8d2/uploads/images/b546a0d5ac5ebd8f23d64fff30c18149.png
NPCs/Melianse,Portrait,https://wa-cdn.nyc3.cdn.digitaloceanspaces.com/user-data/production/0f271434-58d2-4912-a9c9-8a5da0efb8d2/uploads/images/fb492ffedae853002d50d89dd74c83c7.jpeg
Characters/Talia Nightclaw,Cover,https://wa-cdn.nyc3.digitaloceanspaces.com/user-data/production/0f271434-58d2-4912-a9c9-8a5da0efb8d2/uploads/images/b546a0d5ac5ebd8f23d64fff30c18149.png
Characters/Talia Nightclaw,Portrait,https://wa-cdn.nyc3.cdn.digitaloceanspaces.com/user-data/production/bd88a274-ae51-4373-80df-3ab37a94e29a/uploads/images/e66ec133ad56de84504aab0d6e189e29.png
Uncategorized Articles/Guildhall of the Joined Hands,Cover,https://wa-cdn.nyc3.cdn.digitaloceanspaces.com/user-data/production/0f271434-58d2-4912-a9c9-8a5da0efb8d2/uploads/images/2c2d28b87bde41f3a53923c6d7c4143f.png
Uncategorized Articles/Guildhall of the Joined Hands,Portrait,https://wa-cdn.nyc3.digitaloceanspaces.com/user-data/production/0f271434-58d2-4912-a9c9-8a5da0efb8d2/uploads/images/b1fb4a8e285f45094ba4f2d90ba4d54c.png
Vignettes - Abomination Vaults/Visions of Disaster,Cover,https://wa-cdn.nyc3.digitaloceanspaces.com/user-data/production/0f271434-58d2-4912-a9c9-8a5da0efb8d2/uploads/images/b546a0d5ac5ebd8f23d64fff30c18149.png
NPCs/Harrim,Cover,https://wa-cdn.nyc3.digitaloceanspaces.com/user-data/production/0f271434-58d2-4912-a9c9-8a5da0efb8d2/uploads/images/b546a0d5ac5ebd8f23d64fff30c18149.png
NPCs/Harrim,Portrait,https://www.worldanvil.com/uploads/images/c48e8f1528146e028e1f21137325f1f1.jpg
Characters/Velka,Cover,https://wa-cdn.nyc3.digitaloceanspaces.com/user-data/production/0f271434-58d2-4912-a9c9-8a5da0efb8d2/uploads/images/b546a0d5ac5ebd8f23d64fff30c18149.png
Characters/Velka,Portrait,https://wa-cdn.nyc3.cdn.digitaloceanspaces.com/user-data/production/bd88a274-ae51-4373-80df-3ab37a94e29a/uploads/images/6fe18ce60f824547ae4bbe52bd27f9cc.png
Morlibint's Dossier/Morlibint’s Dossier- On the Prison Level and Infernal Presence,Cover,https://wa-cdn.nyc3.digitaloceanspaces.com/user-data/production/0f271434-58d2-4912-a9c9-8a5da0efb8d2/uploads/images/32ff100f60111b3ea3c9b25e7a8acb6a.png
NPCs/Octavia,Cover,https://wa-cdn.nyc3.digitaloceanspaces.com/user-data/production/0f271434-58d2-4912-a9c9-8a5da0efb8d2/uploads/images/b546a0d5ac5ebd8f23d64fff30c18149.png
NPCs/Octavia,Portrait,https://www.worldanvil.com/uploads/images/3f851a7df1ab91bd2634b4a410050a6b.webp
Moments/Thoughts of the Republic,Cover,https://wa-cdn.nyc3.digitaloceanspaces.com/user-data/production/0f271434-58d2-4912-a9c9-8a5da0efb8d2/uploads/images/b546a0d5ac5ebd8f23d64fff30c18149.png
Vignettes - Abomination Vaults/Prayer to Urthagul,Cover,https://wa-cdn.nyc3.digitaloceanspaces.com/user-data/production/0f271434-58d2-4912-a9c9-8a5da0efb8d2/uploads/images/b546a0d5ac5ebd8f23d64fff30c18149.png
"Session Reports 0-20/Session 02- Go West, Young Heroes!",Cover,https://wa-cdn.nyc3.digitaloceanspaces.com/user-data/production/0f271434-58d2-4912-a9c9-8a5da0efb8d2/uploads/images/8a1bfbff37cbe9c6b151e83d7057ffc7.png
Session Reports 41-60/Session 59- There Is No Reyoknar,Cover,https://wa-cdn.nyc3.cdn.digitaloceanspaces.com/user-data/production/0f271434-58d2-4912-a9c9-8a5da0efb8d2/uploads/images/110a4fd3e759fb3f6f81c3bbdd3fabac.png
Session Reports 41-60/Session 57- Every Door Leads to the King,Cover,https://wa-cdn.nyc3.cdn.digitaloceanspaces.com/user-data/production/0f271434-58d2-4912-a9c9-8a5da0efb8d2/uploads/images/110a4fd3e759fb3f6f81c3bbdd3fabac.png
NPCs/Stas,Cover,https://wa-cdn.nyc3.digitaloceanspaces.com/user-data/production/0f271434-58d2-4912-a9c9-8a5da0efb8d2/uploads/images/b546a0d5ac5ebd8f23d64fff30c18149.png
NPCs/Stas,Portrait,https://wa-cdn.nyc3.cdn.digitaloceanspaces.com/user-data/production/0f271434-58d2-4912-a9c9-8a5da0efb8d2/uploads/images/e9177be42bb3ed829f4f07a0ae654850.jpeg
Session Reports 0-20/Session 06- Introduction to World Anvil,Cover,https://wa-cdn.nyc3.digitaloceanspaces.com/user-data/production/0f271434-58d2-4912-a9c9-8a5da0efb8d2/uploads/images/8a1bfbff37cbe9c6b151e83d7057ffc7.png
Vignettes - Abomination Vaults/Business as Usual,Cover,https://wa-cdn.nyc3.digitaloceanspaces.com/user-data/production/0f271434-58d2-4912-a9c9-8a5da0efb8d2/uploads/images/b546a0d5ac5ebd8f23d64fff30c18149.png
Morlibint's Dossier/Morlibint's Dossier- The Cult of Urthagul,Cover,https://wa-cdn.nyc3.digitaloceanspaces.com/user-data/production/0f271434-58d2-4912-a9c9-8a5da0efb8d2/uploads/images/32ff100f60111b3ea3c9b25e7a8acb6a.png
Session Reports 21-40/Session 26- The Bloom,Cover,https://wa-cdn.nyc3.digitaloceanspaces.com/user-data/production/0f271434-58d2-4912-a9c9-8a5da0efb8d2/uploads/images/8a1bfbff37cbe9c6b151e83d7057ffc7.png
NPCs/Jaethal,Cover,https://wa-cdn.nyc3.digitaloceanspaces.com/user-data/production/0f271434-58d2-4912-a9c9-8a5da0efb8d2/uploads/images/b546a0d5ac5ebd8f23d64fff30c18149.png
NPCs/Jaethal,Portrait,https://www.worldanvil.com/uploads/images/9cb1dfb0e43cb224a406ac09fdecbfcf.jpg
Moments/The Ballad of the Swordlord's Rescue,Cover,https://wa-cdn.nyc3.digitaloceanspaces.com/user-data/production/0f271434-58d2-4912-a9c9-8a5da0efb8d2/uploads/images/b546a0d5ac5ebd8f23d64fff30c18149.png
NPCs/Leroy,Cover,https://wa-cdn.nyc3.digitaloceanspaces.com/user-data/production/0f271434-58d2-4912-a9c9-8a5da0efb8d2/uploads/images/b546a0d5ac5ebd8f23d64fff30c18149.png
NPCs/Leroy,Portrait,https://wa-cdn.nyc3.digitaloceanspaces.com/user-data/production/0f271434-58d2-4912-a9c9-8a5da0efb8d2/uploads/images/4af8bf743db534df3b189a268198f134.jpeg
Moments/Don't Insult Happs,Cover,https://wa-cdn.nyc3.digitaloceanspaces.com/user-data/production/0f271434-58d2-4912-a9c9-8a5da0efb8d2/uploads/images/b546a0d5ac5ebd8f23d64fff30c18149.png
Vignettes - Abomination Vaults/Surprise Party,Cover,https://wa-cdn.nyc3.digitaloceanspaces.com/user-data/production/0f271434-58d2-4912-a9c9-8a5da0efb8d2/uploads/images/b546a0d5ac5ebd8f23d64fff30c18149.png
Vignettes - Abomination Vaults/Leif's Leaving,Cover,https://wa-cdn.nyc3.digitaloceanspaces.com/user-data/production/0f271434-58d2-4912-a9c9-8a5da0efb8d2/uploads/images/b546a0d5ac5ebd8f23d64fff30c18149.png
Uncategorized Articles/Kamelands,Cover,https://wa-cdn.nyc3.digitaloceanspaces.com/user-data/production/0f271434-58d2-4912-a9c9-8a5da0efb8d2/uploads/images/b546a0d5ac5ebd8f23d64fff30c18149.png
Uncategorized Articles/Lake Candlemere,Cover,https://wa-cdn.nyc3.digitaloceanspaces.com/user-data/production/0f271434-58d2-4912-a9c9-8a5da0efb8d2/uploads/images/8a1bfbff37cbe9c6b151e83d7057ffc7.png
Uncategorized Articles/Lake Hooktongue,Cover,https://wa-cdn.nyc3.digitaloceanspaces.com/user-data/production/0f271434-58d2-4912-a9c9-8a5da0efb8d2/uploads/images/b546a0d5ac5ebd8f23d64fff30c18149.png
Uncategorized Articles/Lake Silverstep,Cover,https://wa-cdn.nyc3.digitaloceanspaces.com/user-data/production/0f271434-58d2-4912-a9c9-8a5da0efb8d2/uploads/images/b546a0d5ac5ebd8f23d64fff30c18149.png
Uncategorized Articles/Levet's Mill,Cover,https://wa-cdn.nyc3.cdn.digitaloceanspaces.com/user-data/production/0f271434-58d2-4912-a9c9-8a5da0efb8d2/uploads/images/2c2d28b87bde41f3a53923c6d7c4143f.png
Uncategorized Articles/Levet's Mill,Portrait,https://wa-cdn.nyc3.digitaloceanspaces.com/user-data/production/0f271434-58d2-4912-a9c9-8a5da0efb8d2/uploads/images/2c822beb49ea63bc3c6be40f5482e585.png
Uncategorized Articles/Mivon,Cover,https://wa-cdn.nyc3.digitaloceanspaces.com/user-data/production/0f271434-58d2-4912-a9c9-8a5da0efb8d2/uploads/images/b546a0d5ac5ebd8f23d64fff30c18149.png
Uncategorized Articles/Narlmarches,Cover,https://wa-cdn.nyc3.digitaloceanspaces.com/user-data/production/0f271434-58d2-4912-a9c9-8a5da0efb8d2/uploads/images/b546a0d5ac5ebd8f23d64fff30c18149.png
Uncategorized Articles/Nivaka's Crossing,Cover,https://wa-cdn.nyc3.digitaloceanspaces.com/user-data/production/0f271434-58d2-4912-a9c9-8a5da0efb8d2/uploads/images/b546a0d5ac5ebd8f23d64fff30c18149.png
Uncategorized Articles/Nomen Centaurs,Cover,https://wa-cdn.nyc3.digitaloceanspaces.com/user-data/production/0f271434-58d2-4912-a9c9-8a5da0efb8d2/uploads/images/b546a0d5ac5ebd8f23d64fff30c18149.png
Uncategorized Articles/Nomen Heights,Cover,https://wa-cdn.nyc3.digitaloceanspaces.com/user-data/production/0f271434-58d2-4912-a9c9-8a5da0efb8d2/uploads/images/b546a0d5ac5ebd8f23d64fff30c18149.png
Uncategorized Articles/Otari,Cover,https://wa-cdn.nyc3.digitaloceanspaces.com/user-data/production/0f271434-58d2-4912-a9c9-8a5da0efb8d2/uploads/images/b546a0d5ac5ebd8f23d64fff30c18149.png
Uncategorized Articles/Pathfinder Society Chronicle- Steadfast - Appendix A,Cover,https://wa-cdn.nyc3.digitaloceanspaces.com/user-data/production/0f271434-58d2-4912-a9c9-8a5da0efb8d2/uploads/images/b546a0d5ac5ebd8f23d64fff30c18149.png
Uncategorized Articles/Pitax,Cover,https://wa-cdn.nyc3.cdn.digitaloceanspaces.com/user-data/production/0f271434-58d2-4912-a9c9-8a5da0efb8d2/uploads/images/110a4fd3e759fb3f6f81c3bbdd3fabac.png
Uncategorized Articles/Restov,Cover,https://wa-cdn.nyc3.digitaloceanspaces.com/user-data/production/0f271434-58d2-4912-a9c9-8a5da0efb8d2/uploads/images/b546a0d5ac5ebd8f23d64fff30c18149.png
Uncategorized Articles/River Kingdoms,Cover,https://wa-cdn.nyc3.digitaloceanspaces.com/user-data/production/0f271434-58d2-4912-a9c9-8a5da0efb8d2/uploads/images/b546a0d5ac5ebd8f23d64fff30c18149.png
Uncategorized Articles/Riverside Shrine,Cover,https://wa-cdn.nyc3.cdn.digitaloceanspaces.com/user-data/production/0f271434-58d2-4912-a9c9-8a5da0efb8d2/uploads/images/2c2d28b87bde41f3a53923c6d7c4143f.png
Uncategorized Articles/Riverside Shrine,Portrait,https://wa-cdn.nyc3.digitaloceanspaces.com/user-data/production/0f271434-58d2-4912-a9c9-8a5da0efb8d2/uploads/images/e7e5a922cada11eaa8dd038be0f96325.png
Uncategorized Articles/Roc's Omelette,Cover,https://wa-cdn.nyc3.cdn.digitaloceanspaces.com/user-data/production/0f271434-58d2-4912-a9c9-8a5da0efb8d2/uploads/images/110a4fd3e759fb3f6f81c3bbdd3fabac.png
Uncategorized Articles/Roc's Omelette,Portrait,https://wa-cdn.nyc3.digitaloceanspaces.com/user-data/production/0f271434-58d2-4912-a9c9-8a5da0efb8d2/uploads/images/dfc806597079d3d36861e9993f00c63c.png
Uncategorized Articles/Rostland Hinterlands,Cover,https://wa-cdn.nyc3.digitaloceanspaces.com/user-data/production/0f271434-58d2-4912-a9c9-8a5da0efb8d2/uploads/images/b546a0d5ac5ebd8f23d64fff30c18149.png
Uncategorized Articles/Silver Reed,Cover,https://wa-cdn.nyc3.cdn.digitaloceanspaces.com/user-data/production/0f271434-58d2-4912-a9c9-8a5da0efb8d2/uploads/images/110a4fd3e759fb3f6f81c3bbdd3fabac.png
Uncategorized Articles/Silver Reed,Portrait,https://wa-cdn.nyc3.digitaloceanspaces.com/user-data/production/0f271434-58d2-4912-a9c9-8a5da0efb8d2/uploads/images/4249bbfe8e8ea33e4417fcadaf0ea4e9.png
Uncategorized Articles/Stag Lord's Fort,Cover,https://wa-cdn.nyc3.digitaloceanspaces.com/user-data/production/0f271434-58d2-4912-a9c9-8a5da0efb8d2/uploads/images/b546a0d5ac5ebd8f23d64fff30c18149.png
Uncategorized Articles/Stolen Lands,Cover,https://wa-cdn.nyc3.digitaloceanspaces.com/user-data/production/0f271434-58d2-4912-a9c9-8a5da0efb8d2/uploads/images/b546a0d5ac5ebd8f23d64fff30c18149.png
Uncategorized Articles/Tailforge Atelier,Cover,https://wa-cdn.nyc3.cdn.digitaloceanspaces.com/user-data/production/0f271434-58d2-4912-a9c9-8a5da0efb8d2/uploads/images/110a4fd3e759fb3f6f81c3bbdd3fabac.png
Uncategorized Articles/Tailforge Atelier,Portrait,https://wa-cdn.nyc3.digitaloceanspaces.com/user-data/production/0f271434-58d2-4912-a9c9-8a5da0efb8d2/uploads/images/50ff4f8858724bc53531658b7c95b572.png
Uncategorized Articles/Tartuk,Cover,https://wa-cdn.nyc3.digitaloceanspaces.com/user-data/production/0f271434-58d2-4912-a9c9-8a5da0efb8d2/uploads/images/b546a0d5ac5ebd8f23d64fff30c18149.png
Uncategorized Articles/Tartuk,Portrait,https://www.worldanvil.com/uploads/images/e22199a564e7fa83e48ba7a09c9d0166.webp
Uncategorized Articles/Temple of the First Light,Cover,https://wa-cdn.nyc3.cdn.digitaloceanspaces.com/user-data/production/0f271434-58d2-4912-a9c9-8a5da0efb8d2/uploads/images/2c2d28b87bde41f3a53923c6d7c4143f.png
Uncategorized Articles/Temple of the First Light,Portrait,https://wa-cdn.nyc3.digitaloceanspaces.com/user-data/production/0f271434-58d2-4912-a9c9-8a5da0efb8d2/uploads/images/2135ef957a1ecba3adfda872c91b5a39.png
Uncategorized Articles/The Old Sycamore,Cover,https://wa-cdn.nyc3.digitaloceanspaces.com/user-data/production/0f271434-58d2-4912-a9c9-8a5da0efb8d2/uploads/images/b546a0d5ac5ebd8f23d64fff30c18149.png
Uncategorized Articles/The Thousand Voices,Cover,https://wa-cdn.nyc3.digitaloceanspaces.com/user-data/production/0f271434-58d2-4912-a9c9-8a5da0efb8d2/uploads/images/b546a0d5ac5ebd8f23d64fff30c18149.png
Uncategorized Articles/Tors of Levenies,Cover,https://wa-cdn.nyc3.digitaloceanspaces.com/user-data/production/0f271434-58d2-4912-a9c9-8a5da0efb8d2/uploads/images/b546a0d5ac5ebd8f23d64fff30c18149.png
Uncategorized Articles/Tristian's Dawn,Cover,https://wa-cdn.nyc3.cdn.digitaloceanspaces.com/user-data/production/0f271434-58d2-4912-a9c9-8a5da0efb8d2/uploads/images/2c2d28b87bde41f3a53923c6d7c4143f.png
Uncategorized Articles/Tuskwater,Cover,https://wa-cdn.nyc3.digitaloceanspaces.com/user-data/production/0f271434-58d2-4912-a9c9-8a5da0efb8d2/uploads/images/b546a0d5ac5ebd8f23d64fff30c18149.png
Uncategorized Articles/Uringen,Cover,https://wa-cdn.nyc3.digitaloceanspaces.com/user-data/production/0f271434-58d2-4912-a9c9-8a5da0efb8d2/uploads/images/b546a0d5ac5ebd8f23d64fff30c18149.png
Uncategorized Articles/Velka of the Sootscale – Travels and Connections,Cover,https://wa-cdn.nyc3.digitaloceanspaces.com/user-data/production/0f271434-58d2-4912-a9c9-8a5da0efb8d2/uploads/images/b546a0d5ac5ebd8f23d64fff30c18149.png
Uncategorized Articles/Whispering Step,Cover,https://wa-cdn.nyc3.cdn.digitaloceanspaces.com/user-data/production/0f271434-58d2-4912-a9c9-8a5da0efb8d2/uploads/images/110a4fd3e759fb3f6f81c3bbdd3fabac.png
Uncategorized Articles/Whispering Step,Portrait,https://wa-cdn.nyc3.digitaloceanspaces.com/user-data/production/0f271434-58d2-4912-a9c9-8a5da0efb8d2/uploads/images/c894df79d17dc69656c063709ccb5613.png
Uncategorized Articles/White Lantern,Cover,https://wa-cdn.nyc3.cdn.digitaloceanspaces.com/user-data/production/0f271434-58d2-4912-a9c9-8a5da0efb8d2/uploads/images/110a4fd3e759fb3f6f81c3bbdd3fabac.png
Uncategorized Articles/White Lantern,Portrait,https://wa-cdn.nyc3.digitaloceanspaces.com/user-data/production/0f271434-58d2-4912-a9c9-8a5da0efb8d2/uploads/images/459b1efc6f5c47be2396520db9f9cd27.png
Uncategorized Articles/Willowfen General,Cover,https://wa-cdn.nyc3.cdn.digitaloceanspaces.com/user-data/production/0f271434-58d2-4912-a9c9-8a5da0efb8d2/uploads/images/110a4fd3e759fb3f6f81c3bbdd3fabac.png
Uncategorized Articles/Willowfen General,Portrait,https://wa-cdn.nyc3.digitaloceanspaces.com/user-data/production/0f271434-58d2-4912-a9c9-8a5da0efb8d2/uploads/images/1636c2a8cc8da748bdc2826a9b38af05.png
Locations/Inner Sea Region,Cover,https://wa-cdn.nyc3.digitaloceanspaces.com/user-data/production/0f271434-58d2-4912-a9c9-8a5da0efb8d2/uploads/images/b546a0d5ac5ebd8f23d64fff30c18149.png
Deities/Abadar,Cover,https://wa-cdn.nyc3.digitaloceanspaces.com/user-data/production/0f271434-58d2-4912-a9c9-8a5da0efb8d2/uploads/images/b546a0d5ac5ebd8f23d64fff30c18149.png
Deities/Abadar,Portrait,https://wa-cdn.nyc3.cdn.digitaloceanspaces.com/user-data/production/0f271434-58d2-4912-a9c9-8a5da0efb8d2/uploads/images/67d4340960fa46f1ab5621f9895a1623.webp
Deities/Cayden Cailean,Cover,https://wa-cdn.nyc3.digitaloceanspaces.com/user-data/production/0f271434-58d2-4912-a9c9-8a5da0efb8d2/uploads/images/b546a0d5ac5ebd8f23d64fff30c18149.png
Deities/Cayden Cailean,Portrait,https://wa-cdn.nyc3.digitaloceanspaces.com/user-data/production/0f271434-58d2-4912-a9c9-8a5da0efb8d2/uploads/images/ed7390c017d8b8d5e4e90a54a411f371.webp
Deities/Desna,Cover,https://wa-cdn.nyc3.digitaloceanspaces.com/user-data/production/0f271434-58d2-4912-a9c9-8a5da0efb8d2/uploads/images/b546a0d5ac5ebd8f23d64fff30c18149.png
Deities/Desna,Portrait,https://wa-cdn.nyc3.digitaloceanspaces.com/user-data/production/0f271434-58d2-4912-a9c9-8a5da0efb8d2/uploads/images/fb1757b8669f57056ce2489a0f7fd765.webp
Deities/Erastil,Cover,https://wa-cdn.nyc3.digitaloceanspaces.com/user-data/production/0f271434-58d2-4912-a9c9-8a5da0efb8d2/uploads/images/b546a0d5ac5ebd8f23d64fff30c18149.png
Deities/Erastil,Portrait,https://wa-cdn.nyc3.digitaloceanspaces.com/user-data/production/0f271434-58d2-4912-a9c9-8a5da0efb8d2/uploads/images/5765cf1a974a8155885423a3228e9474.jpeg
Deities/Gorum,Cover,https://wa-cdn.nyc3.digitaloceanspaces.com/user-data/production/0f271434-58d2-4912-a9c9-8a5da0efb8d2/uploads/images/b546a0d5ac5ebd8f23d64fff30c18149.png
Deities/Gorum,Portrait,https://wa-cdn.nyc3.cdn.digitaloceanspaces.com/user-data/production/0f271434-58d2-4912-a9c9-8a5da0efb8d2/uploads/images/9a4523c04a069a2495bbb7c55a0a93d7.webp
Deities/Gozreh,Cover,https://wa-cdn.nyc3.digitaloceanspaces.com/user-data/production/0f271434-58d2-4912-a9c9-8a5da0efb8d2/uploads/images/b546a0d5ac5ebd8f23d64fff30c18149.png
Deities/Gozreh,Portrait,https://wa-cdn.nyc3.digitaloceanspaces.com/user-data/production/0f271434-58d2-4912-a9c9-8a5da0efb8d2/uploads/images/f52b3e5a490dbb10b3aec917b62b9035.webp
Deities/Groetus,Cover,https://wa-cdn.nyc3.digitaloceanspaces.com/user-data/production/0f271434-58d2-4912-a9c9-8a5da0efb8d2/uploads/images/b546a0d5ac5ebd8f23d64fff30c18149.png
Deities/Hanspur,Cover,https://wa-cdn.nyc3.digitaloceanspaces.com/user-data/production/0f271434-58d2-4912-a9c9-8a5da0efb8d2/uploads/images/b546a0d5ac5ebd8f23d64fff30c18149.png
Deities/Irori,Cover,https://wa-cdn.nyc3.digitaloceanspaces.com/user-data/production/0f271434-58d2-4912-a9c9-8a5da0efb8d2/uploads/images/b546a0d5ac5ebd8f23d64fff30c18149.png
Deities/Irori,Portrait,https://wa-cdn.nyc3.digitaloceanspaces.com/user-data/production/0f271434-58d2-4912-a9c9-8a5da0efb8d2/uploads/images/107d8a8eed62e700798957ed626b4b12.webp
Deities/Lamashtu,Cover,https://wa-cdn.nyc3.digitaloceanspaces.com/user-data/production/0f271434-58d2-4912-a9c9-8a5da0efb8d2/uploads/images/b546a0d5ac5ebd8f23d64fff30c18149.png
Deities/Lamashtu,Portrait,https://wa-cdn.nyc3.cdn.digitaloceanspaces.com/user-data/production/0f271434-58d2-4912-a9c9-8a5da0efb8d2/uploads/images/b425b8229687b9d9f750b578da0a90f4.png
Deities/Nhimbaloth,Cover,https://wa-cdn.nyc3.digitaloceanspaces.com/user-data/production/0f271434-58d2-4912-a9c9-8a5da0efb8d2/uploads/images/b546a0d5ac5ebd8f23d64fff30c18149.png
Deities/Nhimbaloth,Portrait,https://wa-cdn.nyc3.digitaloceanspaces.com/user-data/production/0f271434-58d2-4912-a9c9-8a5da0efb8d2/uploads/images/d4a384d1a5cd16838790c15833434b00.jpeg
Deities/Pharasma,Cover,https://wa-cdn.nyc3.digitaloceanspaces.com/user-data/production/0f271434-58d2-4912-a9c9-8a5da0efb8d2/uploads/images/b546a0d5ac5ebd8f23d64fff30c18149.png
Deities/Pharasma,Portrait,https://wa-cdn.nyc3.cdn.digitaloceanspaces.com/user-data/production/0f271434-58d2-4912-a9c9-8a5da0efb8d2/uploads/images/4230056971b92613ad76dd87ff443d14.webp
Deities/Razmir,Cover,https://wa-cdn.nyc3.digitaloceanspaces.com/user-data/production/0f271434-58d2-4912-a9c9-8a5da0efb8d2/uploads/images/b546a0d5ac5ebd8f23d64fff30c18149.png
Deities/Razmir,Portrait,https://wa-cdn.nyc3.digitaloceanspaces.com/user-data/production/0f271434-58d2-4912-a9c9-8a5da0efb8d2/uploads/images/5ae523ac30a047089901664f576c697b.webp
Deities/Sarenrae,Cover,https://wa-cdn.nyc3.digitaloceanspaces.com/user-data/production/0f271434-58d2-4912-a9c9-8a5da0efb8d2/uploads/images/b546a0d5ac5ebd8f23d64fff30c18149.png
Deities/Shelyn,Cover,https://wa-cdn.nyc3.digitaloceanspaces.com/user-data/production/0f271434-58d2-4912-a9c9-8a5da0efb8d2/uploads/images/b546a0d5ac5ebd8f23d64fff30c18149.png
Deities/Shelyn,Portrait,https://wa-cdn.nyc3.digitaloceanspaces.com/user-data/production/0f271434-58d2-4912-a9c9-8a5da0efb8d2/uploads/images/73f1ba487807b3f1024a81789854712f.webp
Deities/Torag,Cover,https://wa-cdn.nyc3.digitaloceanspaces.com/user-data/production/0f271434-58d2-4912-a9c9-8a5da0efb8d2/uploads/images/b546a0d5ac5ebd8f23d64fff30c18149.png
Deities/Torag,Portrait,https://wa-cdn.nyc3.digitaloceanspaces.com/user-data/production/0f271434-58d2-4912-a9c9-8a5da0efb8d2/uploads/images/6401ccb93cc9e522a3d8537d9338cadf.webp
Rules/Basic Guide to Attacks of Opportunity and Provoking,Cover,https://wa-cdn.nyc3.digitaloceanspaces.com/user-data/production/0f271434-58d2-4912-a9c9-8a5da0efb8d2/uploads/images/b546a0d5ac5ebd8f23d64fff30c18149.png
Rules/Common Buff Spell Effects,Cover,https://wa-cdn.nyc3.digitaloceanspaces.com/user-data/production/0f271434-58d2-4912-a9c9-8a5da0efb8d2/uploads/images/b546a0d5ac5ebd8f23d64fff30c18149.png
Rules/Crafting,Cover,https://wa-cdn.nyc3.digitaloceanspaces.com/user-data/production/0f271434-58d2-4912-a9c9-8a5da0efb8d2/uploads/images/b546a0d5ac5ebd8f23d64fff30c18149.png
Rules/Dying,Cover,https://wa-cdn.nyc3.digitaloceanspaces.com/user-data/production/0f271434-58d2-4912-a9c9-8a5da0efb8d2/uploads/images/b546a0d5ac5ebd8f23d64fff30c18149.png
Rules/Hexploration,Cover,https://wa-cdn.nyc3.digitaloceanspaces.com/user-data/production/0f271434-58d2-4912-a9c9-8a5da0efb8d2/uploads/images/b546a0d5ac5ebd8f23d64fff30c18149.png
Rules/Influence Encounters,Cover,https://wa-cdn.nyc3.digitaloceanspaces.com/user-data/production/0f271434-58d2-4912-a9c9-8a5da0efb8d2/uploads/images/b546a0d5ac5ebd8f23d64fff30c18149.png
Rules/Kingdom Turn Rules,Cover,https://wa-cdn.nyc3.digitaloceanspaces.com/user-data/production/0f271434-58d2-4912-a9c9-8a5da0efb8d2/uploads/images/b546a0d5ac5ebd8f23d64fff30c18149.png
Rules/Level-Based DCs,Cover,https://wa-cdn.nyc3.digitaloceanspaces.com/user-data/production/0f271434-58d2-4912-a9c9-8a5da0efb8d2/uploads/images/b546a0d5ac5ebd8f23d64fff30c18149.png
Spells/Inspire Courage (Courageous Anthem),Cover,https://wa-cdn.nyc3.digitaloceanspaces.com/user-data/production/0f271434-58d2-4912-a9c9-8a5da0efb8d2/uploads/images/b546a0d5ac5ebd8f23d64fff30c18149.png
Spells/Magic Missile (Force Barrage),Cover,https://wa-cdn.nyc3.digitaloceanspaces.com/user-data/production/0f271434-58d2-4912-a9c9-8a5da0efb8d2/uploads/images/b546a0d5ac5ebd8f23d64fff30c18149.png
Spells/Printing Spell Cards,Cover,https://wa-cdn.nyc3.digitaloceanspaces.com/user-data/production/0f271434-58d2-4912-a9c9-8a5da0efb8d2/uploads/images/b546a0d5ac5ebd8f23d64fff30c18149.png
