note,old,new,path,title
Artifacts and Relics/Amiri's Sword.md,"![](assets/world-anvil/amiri-s-sword-image-01.png ""a4025c83-4919-4987-9bad-2bd129489770.png"")",![[assets/world-anvil/amiri-s-sword-image-01.png]],assets/world-anvil/amiri-s-sword-image-01.png,a4025c83-4919-4987-9bad-2bd129489770.png
Artifacts and Relics/Oculus of Abaddon.md,"![](assets/world-anvil/oculus-of-abaddon.png ""Oculus of Abaddon.png"")",![[assets/world-anvil/oculus-of-abaddon.png]],assets/world-anvil/oculus-of-abaddon.png,Oculus of Abaddon.png
Artifacts and Relics/Ovinrbaane.md,"![](assets/world-anvil/ovinrbaane.png ""Ovinrbaane.png"")",![[assets/world-anvil/ovinrbaane.png]],assets/world-anvil/ovinrbaane.png,Ovinrbaane.png
Artifacts and Relics/Skybolt.md,"![](assets/world-anvil/skybolt.png ""Skybolt.png"")",![[assets/world-anvil/skybolt.png]],assets/world-anvil/skybolt.png,Skybolt.png
Deities/Abadar.md,"![](assets/world-anvil/abadar-religious-symbol.webp ""200px-Abadar_religious_symbol.webp"")",![[assets/world-anvil/abadar-religious-symbol.webp]],assets/world-anvil/abadar-religious-symbol.webp,200px-Abadar_religious_symbol.webp
Deities/Cayden Cailean.md,"![](assets/world-anvil/cayden-cailean-holy-symbol-jpg.webp ""250px-Cayden_Cailean_holy_symbol.jpg.webp"")",![[assets/world-anvil/cayden-cailean-holy-symbol-jpg.webp]],assets/world-anvil/cayden-cailean-holy-symbol-jpg.webp,250px-Cayden_Cailean_holy_symbol.jpg.webp
Deities/Desna.md,"![](assets/world-anvil/desna-holy-symbol-2-jpg.webp ""250px-Desna_holy_symbol_2.jpg.webp"")",![[assets/world-anvil/desna-holy-symbol-2-jpg.webp]],assets/world-anvil/desna-holy-symbol-2-jpg.webp,250px-Desna_holy_symbol_2.jpg.webp
Deities/Erastil.md,"![](assets/world-anvil/erastil-holy-symbol-jpg.webp ""250px-Erastil_holy_symbol.jpg.webp"")",![[assets/world-anvil/erastil-holy-symbol-jpg.webp]],assets/world-anvil/erastil-holy-symbol-jpg.webp,250px-Erastil_holy_symbol.jpg.webp
Deities/Gorum.md,"![](assets/world-anvil/gorum-symbol-png.webp ""250px-Gorum_symbol.png.webp"")",![[assets/world-anvil/gorum-symbol-png.webp]],assets/world-anvil/gorum-symbol-png.webp,250px-Gorum_symbol.png.webp
Deities/Gozreh.md,"![](assets/world-anvil/gozreh-holy-symbol-jpg.webp ""208px-Gozreh_holy_symbol.jpg.webp"")",![[assets/world-anvil/gozreh-holy-symbol-jpg.webp]],assets/world-anvil/gozreh-holy-symbol-jpg.webp,208px-Gozreh_holy_symbol.jpg.webp
Deities/Groetus.md,"![](assets/world-anvil/groetus-holy-symbol-jpg.webp ""250px-Groetus_holy_symbol.jpg.webp"")",![[assets/world-anvil/groetus-holy-symbol-jpg.webp]],assets/world-anvil/groetus-holy-symbol-jpg.webp,250px-Groetus_holy_symbol.jpg.webp
Deities/Irori.md,"![](assets/world-anvil/irori-portrait.webp ""250px-Irori.jpg.webp"")",![[assets/world-anvil/irori-portrait.webp]],assets/world-anvil/irori-portrait.webp,250px-Irori.jpg.webp
Deities/Pharasma.md,"![](assets/world-anvil/pharasma-religious-symbol.webp ""250px-Pharasma_religious_symbol.webp"")",![[assets/world-anvil/pharasma-religious-symbol.webp]],assets/world-anvil/pharasma-religious-symbol.webp,250px-Pharasma_religious_symbol.webp
Deities/Shelyn.md,"![](assets/world-anvil/shelyn-holy-symbol.webp ""Shelyn_holy_symbol.webp"")",![[assets/world-anvil/shelyn-holy-symbol.webp]],assets/world-anvil/shelyn-holy-symbol.webp,Shelyn_holy_symbol.webp
Deities/Torag.md,"![](assets/world-anvil/torag-holy-symbol-jpg.webp ""250px-Torag_holy_symbol.jpg.webp"")",![[assets/world-anvil/torag-holy-symbol-jpg.webp]],assets/world-anvil/torag-holy-symbol-jpg.webp,250px-Torag_holy_symbol.jpg.webp
Groups/Sootscale Kobolds.md,"![](assets/world-anvil/sootscale-kobolds-tartuk.webp ""Tartuk"")",![[assets/world-anvil/sootscale-kobolds-tartuk.webp]],assets/world-anvil/sootscale-kobolds-tartuk.webp,Tartuk
Intelligence Reports/The -Charleton- File.md,"![](assets/world-anvil/the-charleton-file-charleton-file.png ""Charleton File.png"")",![[assets/world-anvil/the-charleton-file-charleton-file.png]],assets/world-anvil/the-charleton-file-charleton-file.png,Charleton File.png
Moments/Grigori's Fate.md,"![](assets/world-anvil/grigori-s-fate-image-01.png ""71e27f6f-6c12-4303-b959-62646523f174.png"")",![[assets/world-anvil/grigori-s-fate-image-01.png]],assets/world-anvil/grigori-s-fate-image-01.png,71e27f6f-6c12-4303-b959-62646523f174.png
Moments/Hanspur's Chosen.md,"![](assets/world-anvil/hanspur-s-chosen-image-01.png ""db9b00c6-b5e1-4964-95f7-7aa2f4331c71.png"")",![[assets/world-anvil/hanspur-s-chosen-image-01.png]],assets/world-anvil/hanspur-s-chosen-image-01.png,db9b00c6-b5e1-4964-95f7-7aa2f4331c71.png
Moments/Older than Last Year.md,"![](assets/world-anvil/older-than-last-year-image-01.png ""1000007539.png"")",![[assets/world-anvil/older-than-last-year-image-01.png]],assets/world-anvil/older-than-last-year-image-01.png,1000007539.png
Moments/The Day She Stood Still.md,"![](assets/world-anvil/the-day-she-stood-still-image-01.png ""292e478e-b424-4ea6-a8a6-f040ee724fc1.png"")",![[assets/world-anvil/the-day-she-stood-still-image-01.png]],assets/world-anvil/the-day-she-stood-still-image-01.png,292e478e-b424-4ea6-a8a6-f040ee724fc1.png
Moments/The Flickering Flame.md,"![](assets/world-anvil/the-flickering-flame-image-01.png ""1000006983.png"")",![[assets/world-anvil/the-flickering-flame-image-01.png]],assets/world-anvil/the-flickering-flame-image-01.png,1000006983.png
Moments/The Quiet After Battle.md,"![](assets/world-anvil/the-quiet-after-battle-image-01.png ""a0611b3b-259e-4cb1-ad58-45bfb2d45c19.png"")",![[assets/world-anvil/the-quiet-after-battle-image-01.png]],assets/world-anvil/the-quiet-after-battle-image-01.png,a0611b3b-259e-4cb1-ad58-45bfb2d45c19.png
Moments/The Stillness Beneath Whiterose.md,"![](assets/world-anvil/the-stillness-beneath-whiterose-evindra.png ""Evindra.png"")",![[assets/world-anvil/the-stillness-beneath-whiterose-evindra.png]],assets/world-anvil/the-stillness-beneath-whiterose-evindra.png,Evindra.png
Moments/The Stone Rat.md,"![](assets/world-anvil/the-stone-rat-stone-rat.png ""Stone Rat"")",![[assets/world-anvil/the-stone-rat-stone-rat.png]],assets/world-anvil/the-stone-rat-stone-rat.png,Stone Rat
Moments/The Town Irovetti Fed to Monsters.md,"![](assets/world-anvil/the-town-irovetti-fed-to-monsters-littletown-4.png ""Littletown 4.png"")",![[assets/world-anvil/the-town-irovetti-fed-to-monsters-littletown-4.png]],assets/world-anvil/the-town-irovetti-fed-to-monsters-littletown-4.png,Littletown 4.png
Moments/Where Law Cannot Follow.md,"![](assets/world-anvil/where-law-cannot-follow-image-01.png ""698c644f-7b7b-4d49-9ada-acfa668dfb7b.png"")",![[assets/world-anvil/where-law-cannot-follow-image-01.png]],assets/world-anvil/where-law-cannot-follow-image-01.png,698c644f-7b7b-4d49-9ada-acfa668dfb7b.png
Morlibint's Dossier/Morlibeint's Dossier- On Sources and Reliability.md,"![](assets/world-anvil/morlibeint-s-dossier-on-sources-and-reliability-image-01.jpeg ""1b628238-832f-4c01-905d-6feb6934e511-md.jpg"")",![[assets/world-anvil/morlibeint-s-dossier-on-sources-and-reliability-image-01.jpeg]],assets/world-anvil/morlibeint-s-dossier-on-sources-and-reliability-image-01.jpeg,1b628238-832f-4c01-905d-6feb6934e511-md.jpg
Morlibint's Dossier/Morlibint's Dossier- Closing Remarks.md,"![](assets/world-anvil/morlibint-s-dossier-closing-remarks-image-01.png ""28a685ac-b94c-49e5-bf0b-57c4177125ba.png"")",![[assets/world-anvil/morlibint-s-dossier-closing-remarks-image-01.png]],assets/world-anvil/morlibint-s-dossier-closing-remarks-image-01.png,28a685ac-b94c-49e5-bf0b-57c4177125ba.png
Morlibint's Dossier/Morlibint's Dossier- The Children of Belcorra.md,"![](assets/world-anvil/morlibint-s-dossier-the-children-of-belcorra-image-01.png ""684db475-06fd-430c-94d8-467335c346cd.png"")",![[assets/world-anvil/morlibint-s-dossier-the-children-of-belcorra-image-01.png]],assets/world-anvil/morlibint-s-dossier-the-children-of-belcorra-image-01.png,684db475-06fd-430c-94d8-467335c346cd.png
Morlibint's Dossier/Morlibint's Dossier- The Cult of Urthagul.md,"![](assets/world-anvil/morlibint-s-dossier-the-cult-of-urthagul-image-01.jpeg ""0302a647-c2b4-42f5-8191-cda59b1700cb-md.jpg"")",![[assets/world-anvil/morlibint-s-dossier-the-cult-of-urthagul-image-01.jpeg]],assets/world-anvil/morlibint-s-dossier-the-cult-of-urthagul-image-01.jpeg,0302a647-c2b4-42f5-8191-cda59b1700cb-md.jpg
Morlibint's Dossier/Morlibint's Dossier- The Drow in the Farm.md,"![](assets/world-anvil/morlibint-s-dossier-the-drow-in-the-farm-image-01.png ""61087f5c-68d2-4ba1-bc1a-ed513091aded.png"")",![[assets/world-anvil/morlibint-s-dossier-the-drow-in-the-farm-image-01.png]],assets/world-anvil/morlibint-s-dossier-the-drow-in-the-farm-image-01.png,61087f5c-68d2-4ba1-bc1a-ed513091aded.png
Morlibint's Dossier/Morlibint's Dossier- The Farm Redux.md,"![](assets/world-anvil/morlibint-s-dossier-the-farm-redux-image-01.png ""4dd23113-26c0-4cc2-8500-a13b3616bbbd.png"")",![[assets/world-anvil/morlibint-s-dossier-the-farm-redux-image-01.png]],assets/world-anvil/morlibint-s-dossier-the-farm-redux-image-01.png,4dd23113-26c0-4cc2-8500-a13b3616bbbd.png
Morlibint's Dossier/Morlibint's Dossier- The Farm.md,"![](assets/world-anvil/morlibint-s-dossier-the-farm-image-01.png ""76d7d995-b974-4c74-887a-0d5ffbfa3393.png"")",![[assets/world-anvil/morlibint-s-dossier-the-farm-image-01.png]],assets/world-anvil/morlibint-s-dossier-the-farm-image-01.png,76d7d995-b974-4c74-887a-0d5ffbfa3393.png
Morlibint's Dossier/Morlibint's Dossier- The Whispering Caverns.md,"![](assets/world-anvil/morlibint-s-dossier-the-whispering-caverns-image-01.jpeg ""e3bbc16e-bb91-48d7-ad68-3564891be68c-md.jpg"")",![[assets/world-anvil/morlibint-s-dossier-the-whispering-caverns-image-01.jpeg]],assets/world-anvil/morlibint-s-dossier-the-whispering-caverns-image-01.jpeg,e3bbc16e-bb91-48d7-ad68-3564891be68c-md.jpg
Morlibint's Dossier/Morlibint's Dossier- The Whispering Reeds.md,"![](assets/world-anvil/morlibint-s-dossier-the-whispering-reeds-image-01.png ""86f85887-61a4-4860-a7da-7708ec365911.png"")",![[assets/world-anvil/morlibint-s-dossier-the-whispering-reeds-image-01.png]],assets/world-anvil/morlibint-s-dossier-the-whispering-reeds-image-01.png,86f85887-61a4-4860-a7da-7708ec365911.png
Morlibint's Dossier/MorlibintΓÇÖs Dossier- Corrective Annotation.md,"![](assets/world-anvil/morlibints-dossier-corrective-annotation-image-01.jpeg ""0156b9c9-d8f0-4284-b443-d2b878841a90-md.jpg"")",![[assets/world-anvil/morlibints-dossier-corrective-annotation-image-01.jpeg]],assets/world-anvil/morlibints-dossier-corrective-annotation-image-01.jpeg,0156b9c9-d8f0-4284-b443-d2b878841a90-md.jpg
Morlibint's Dossier/MorlibintΓÇÖs Dossier- Final Assessment.md,"![](assets/world-anvil/morlibints-dossier-final-assessment-image-01.jpeg ""1603be76-616f-4e0b-9eac-ff94a37c98af-md.jpg"")",![[assets/world-anvil/morlibints-dossier-final-assessment-image-01.jpeg]],assets/world-anvil/morlibints-dossier-final-assessment-image-01.jpeg,1603be76-616f-4e0b-9eac-ff94a37c98af-md.jpg
Morlibint's Dossier/MorlibintΓÇÖs Dossier- Gauntlight and the Abomination Vaults.md,"![](assets/world-anvil/morlibints-dossier-gauntlight-and-the-abomination-vaults-image-01.jpeg ""c8ef0d18-60c8-4601-8e8c-8482f3783f4c-md.jpg"")",![[assets/world-anvil/morlibints-dossier-gauntlight-and-the-abomination-vaults-image-01.jpeg]],assets/world-anvil/morlibints-dossier-gauntlight-and-the-abomination-vaults-image-01.jpeg,c8ef0d18-60c8-4601-8e8c-8482f3783f4c-md.jpg
"Morlibint's Dossier/MorlibintΓÇÖs Dossier- Nhimbaloth, the Empty Death.md","![](assets/world-anvil/morlibints-dossier-nhimbaloth-the-empty-death-image-01.png ""e841e74d-27a4-464c-bd2a-73e7d3f4c899.png"")",![[assets/world-anvil/morlibints-dossier-nhimbaloth-the-empty-death-image-01.png]],assets/world-anvil/morlibints-dossier-nhimbaloth-the-empty-death-image-01.png,e841e74d-27a4-464c-bd2a-73e7d3f4c899.png
Morlibint's Dossier/MorlibintΓÇÖs Dossier- On the Fleshwarping Laboratories.md,"![](assets/world-anvil/morlibints-dossier-on-the-fleshwarping-laboratories-image-01.jpeg ""1e92cbe2-26ee-4a1e-89f9-4e5e787a378c-md.jpg"")",![[assets/world-anvil/morlibints-dossier-on-the-fleshwarping-laboratories-image-01.jpeg]],assets/world-anvil/morlibints-dossier-on-the-fleshwarping-laboratories-image-01.jpeg,1e92cbe2-26ee-4a1e-89f9-4e5e787a378c-md.jpg
Morlibint's Dossier/MorlibintΓÇÖs Dossier- On the Prison Level and Infernal Presence.md,"![](assets/world-anvil/morlibints-dossier-on-the-prison-level-and-infernal-presence-image-01.jpeg ""33c33a5f-99cd-47c5-8db4-a7010888d45d-md.jpg"")",![[assets/world-anvil/morlibints-dossier-on-the-prison-level-and-infernal-presence-image-01.jpeg]],assets/world-anvil/morlibints-dossier-on-the-prison-level-and-infernal-presence-image-01.jpeg,33c33a5f-99cd-47c5-8db4-a7010888d45d-md.jpg
Morlibint's Dossier/MorlibintΓÇÖs Dossier- On the So-Called Cult of the Canker.md,"![](assets/world-anvil/morlibints-dossier-on-the-so-called-cult-of-the-canker-image-01.jpeg ""6bb01d31-150f-438c-974c-3fa81ba15ccd-md.jpg"")",![[assets/world-anvil/morlibints-dossier-on-the-so-called-cult-of-the-canker-image-01.jpeg]],assets/world-anvil/morlibints-dossier-on-the-so-called-cult-of-the-canker-image-01.jpeg,6bb01d31-150f-438c-974c-3fa81ba15ccd-md.jpg
Morlibint's Dossier/MorlibintΓÇÖs Dossier- On the Training Grounds.md,"![](assets/world-anvil/morlibints-dossier-on-the-training-grounds-image-01.jpeg ""0b4ee4a5-bea7-4afd-ae21-b3b65e55560d-md.jpg"")",![[assets/world-anvil/morlibints-dossier-on-the-training-grounds-image-01.jpeg]],assets/world-anvil/morlibints-dossier-on-the-training-grounds-image-01.jpeg,0b4ee4a5-bea7-4afd-ae21-b3b65e55560d-md.jpg
Morlibint's Dossier/MorlibintΓÇÖs Dossier- On Wrin Sivinxi and the Question of Lenses.md,"![](assets/world-anvil/morlibints-dossier-on-wrin-sivinxi-and-the-question-of-lenses-image-01.jpeg ""4967e748-d63b-4587-8d13-92f5530c25d0-md.jpg"")",![[assets/world-anvil/morlibints-dossier-on-wrin-sivinxi-and-the-question-of-lenses-image-01.jpeg]],assets/world-anvil/morlibints-dossier-on-wrin-sivinxi-and-the-question-of-lenses-image-01.jpeg,4967e748-d63b-4587-8d13-92f5530c25d0-md.jpg
Morlibint's Dossier/MorlibintΓÇÖs Dossier- Otari Folklore.md,"![](assets/world-anvil/morlibints-dossier-otari-folklore-image-01.jpeg ""158ee9c0-15c0-4c15-920e-f06161033f8f-md.jpg"")",![[assets/world-anvil/morlibints-dossier-otari-folklore-image-01.jpeg]],assets/world-anvil/morlibints-dossier-otari-folklore-image-01.jpeg,158ee9c0-15c0-4c15-920e-f06161033f8f-md.jpg
Morlibint's Dossier/MorlibintΓÇÖs Dossier- Servants and Survivors.md,"![](assets/world-anvil/morlibints-dossier-servants-and-survivors-image-01.jpeg ""a3b10c2b-2f21-4904-bd30-4e4368440421-md.jpg"")",![[assets/world-anvil/morlibints-dossier-servants-and-survivors-image-01.jpeg]],assets/world-anvil/morlibints-dossier-servants-and-survivors-image-01.jpeg,a3b10c2b-2f21-4904-bd30-4e4368440421-md.jpg
Morlibint's Dossier/MorlibintΓÇÖs Dossier- The Haruvex Lineage.md,"![](assets/world-anvil/morlibints-dossier-the-haruvex-lineage-image-01.jpeg ""d15839c0-ce75-4a1c-937d-9160d5336491-md.jpg"")",![[assets/world-anvil/morlibints-dossier-the-haruvex-lineage-image-01.jpeg]],assets/world-anvil/morlibints-dossier-the-haruvex-lineage-image-01.jpeg,d15839c0-ce75-4a1c-937d-9160d5336491-md.jpg
Morlibint's Dossier/MorlibintΓÇÖs Dossier- The Roseguard.md,"![](assets/world-anvil/morlibints-dossier-the-roseguard-image-01.jpeg ""61c5adda-ae86-4a83-b5f9-477488627627-md.jpg"")",![[assets/world-anvil/morlibints-dossier-the-roseguard-image-01.jpeg]],assets/world-anvil/morlibints-dossier-the-roseguard-image-01.jpeg,61c5adda-ae86-4a83-b5f9-477488627627-md.jpg
"Morlibint's Dossier/MorlibintΓÇÖs Dossier- Wisps, Fog, and Dreams.md","![](assets/world-anvil/morlibints-dossier-wisps-fog-and-dreams-image-01.jpeg ""041e702a-b811-4cae-a848-40e5f04d5e1e-md.jpg"")",![[assets/world-anvil/morlibints-dossier-wisps-fog-and-dreams-image-01.jpeg]],assets/world-anvil/morlibints-dossier-wisps-fog-and-dreams-image-01.jpeg,041e702a-b811-4cae-a848-40e5f04d5e1e-md.jpg
Pitax Gazette/Corruption at the Rushlight!.md,"![](assets/world-anvil/corruption-at-the-rushlight-image-01.png ""cd784db4-58b9-4414-b25d-f7b8b776635a.png"")",![[assets/world-anvil/corruption-at-the-rushlight-image-01.png]],assets/world-anvil/corruption-at-the-rushlight-image-01.png,cd784db4-58b9-4414-b25d-f7b8b776635a.png
Pitax Gazette/Pitax Hordes Betrayed by Foreign Agitators.md,"![](assets/world-anvil/pitax-hordes-betrayed-by-foreign-agitators-image-01.png ""bd62f6d5-fc3a-4a22-9517-e6dab3413793.png"")",![[assets/world-anvil/pitax-hordes-betrayed-by-foreign-agitators-image-01.png]],assets/world-anvil/pitax-hordes-betrayed-by-foreign-agitators-image-01.png,bd62f6d5-fc3a-4a22-9517-e6dab3413793.png
Pitax Gazette/Pitaxian Allies Crush Republican Advance.md,"![](assets/world-anvil/pitaxian-allies-crush-republican-advance-image-01.png ""89401f82-9d88-4f62-a257-701eaf352eec.png"")",![[assets/world-anvil/pitaxian-allies-crush-republican-advance-image-01.png]],assets/world-anvil/pitaxian-allies-crush-republican-advance-image-01.png,89401f82-9d88-4f62-a257-701eaf352eec.png
Rules/Basic Guide to Attacks of Opportunity and Provoking.md,"![](assets/world-anvil/basic-guide-to-attacks-of-opportunity-and-provoking-threaten.jpeg ""threaten.jpg"")",![[assets/world-anvil/basic-guide-to-attacks-of-opportunity-and-provoking-threaten.jpeg]],assets/world-anvil/basic-guide-to-attacks-of-opportunity-and-provoking-threaten.jpeg,threaten.jpg
Rules/Basic Guide to Attacks of Opportunity and Provoking.md,"![](assets/world-anvil/basic-guide-to-attacks-of-opportunity-and-provoking-reach.jpeg ""reach.jpg"")",![[assets/world-anvil/basic-guide-to-attacks-of-opportunity-and-provoking-reach.jpeg]],assets/world-anvil/basic-guide-to-attacks-of-opportunity-and-provoking-reach.jpeg,reach.jpg
Rules/Basic Guide to Attacks of Opportunity and Provoking.md,"![](assets/world-anvil/basic-guide-to-attacks-of-opportunity-and-provoking-threaten.jpeg ""threaten.jpg"")",![[assets/world-anvil/basic-guide-to-attacks-of-opportunity-and-provoking-threaten.jpeg]],assets/world-anvil/basic-guide-to-attacks-of-opportunity-and-provoking-threaten.jpeg,threaten.jpg
Session Reports 0-20/Session 06- Introduction to World Anvil.md,"![](assets/world-anvil/session-6-seamus-leaps-onto-tuskgutter-sketch.png ""Session 6 - Seamus Leaps onto Tuskgutter Sketch.png"")",![[assets/world-anvil/session-6-seamus-leaps-onto-tuskgutter-sketch.png]],assets/world-anvil/session-6-seamus-leaps-onto-tuskgutter-sketch.png,Session 6 - Seamus Leaps onto Tuskgutter Sketch.png
Session Reports 0-20/Session 10- Founding Day 3 - A Good Day to Found Hard.md,"![](assets/world-anvil/session-10-founding-day-3-a-good-day-to-found-hard-thumping-waters-flag.webp ""Thumping Waters Flag"")",![[assets/world-anvil/session-10-founding-day-3-a-good-day-to-found-hard-thumping-waters-flag.webp]],assets/world-anvil/session-10-founding-day-3-a-good-day-to-found-hard-thumping-waters-flag.webp,Thumping Waters Flag
Session Reports 41-60/Session 49- The Rushlight Begins.md,"![](assets/world-anvil/shared-session-49-24.png ""Session 49-24.png"")",![[assets/world-anvil/shared-session-49-24.png]],assets/world-anvil/shared-session-49-24.png,Session 49-24.png
"Session Reports 41-60/Session 50- Silver Overall, Steel at the Border.md","![](assets/world-anvil/shared-session-49-24.png ""Session 49-24.png"")",![[assets/world-anvil/shared-session-49-24.png]],assets/world-anvil/shared-session-49-24.png,Session 49-24.png
Session Reports 41-60/Session 60- The Years Between.md,"![](assets/world-anvil/session-60-the-years-between-crazy-akbar.png ""Crazy Akbar.png"")",![[assets/world-anvil/session-60-the-years-between-crazy-akbar.png]],assets/world-anvil/session-60-the-years-between-crazy-akbar.png,Crazy Akbar.png
Spells/Printing Spell Cards.md,"![](assets/world-anvil/printing-spell-cards-spellbook-1.png ""spellbook 1.png"")",![[assets/world-anvil/printing-spell-cards-spellbook-1.png]],assets/world-anvil/printing-spell-cards-spellbook-1.png,spellbook 1.png
Spells/Printing Spell Cards.md,"![](assets/world-anvil/printing-spell-cards-spellbook-2.png ""spellbook 2.png"")",![[assets/world-anvil/printing-spell-cards-spellbook-2.png]],assets/world-anvil/printing-spell-cards-spellbook-2.png,spellbook 2.png
Spells/Printing Spell Cards.md,"![](assets/world-anvil/printing-spell-cards-screenshot-2024-04-02-183148.png ""Screenshot 2024-04-02 183148.png"")",![[assets/world-anvil/printing-spell-cards-screenshot-2024-04-02-183148.png]],assets/world-anvil/printing-spell-cards-screenshot-2024-04-02-183148.png,Screenshot 2024-04-02 183148.png
"The Lantern and Ledger/Nok-Nok, Hero of the Mite Warrens and Governor of Greengripe, Falls in Battle.md","![](assets/world-anvil/nok-nok-hero-of-the-mite-warrens-and-governor-of-greengripe-falls-in-battle-image-01.png ""8e43a4b0-c67b-40c7-8472-b3429e362461.png"")",![[assets/world-anvil/nok-nok-hero-of-the-mite-warrens-and-governor-of-greengripe-falls-in-battle-image-01.png]],assets/world-anvil/nok-nok-hero-of-the-mite-warrens-and-governor-of-greengripe-falls-in-battle-image-01.png,8e43a4b0-c67b-40c7-8472-b3429e362461.png
The Lantern and Ledger/The King Comes to Thumpington.md,"![](assets/world-anvil/the-king-comes-to-thumpington-image-01.jpeg ""bfd73c36-843e-420b-bfd1-b5dbeaeace9f-md.jpg"")",![[assets/world-anvil/the-king-comes-to-thumpington-image-01.jpeg]],assets/world-anvil/the-king-comes-to-thumpington-image-01.jpeg,bfd73c36-843e-420b-bfd1-b5dbeaeace9f-md.jpg
The Lantern and Ledger/The Lantern and Ledger.md,"![](assets/world-anvil/the-lantern-and-ledger-printing-press.png ""Printing Press.png"")",![[assets/world-anvil/the-lantern-and-ledger-printing-press.png]],assets/world-anvil/the-lantern-and-ledger-printing-press.png,Printing Press.png
The Lantern and Ledger/The Water Owed Him One.md,"![](assets/world-anvil/the-water-owed-him-one-arven-to-candlemere-wide-woodcut.png ""Arven to Candlemere - Wide Woodcut.png"")",![[assets/world-anvil/the-water-owed-him-one-arven-to-candlemere-wide-woodcut.png]],assets/world-anvil/the-water-owed-him-one-arven-to-candlemere-wide-woodcut.png,Arven to Candlemere - Wide Woodcut.png
The Lantern and Ledger/The Water Owed Him One.md,"![](assets/world-anvil/the-water-owed-him-one-old-crackjaw-square-woodcut.png ""Old Crackjaw - Square Woodcut.png"")",![[assets/world-anvil/the-water-owed-him-one-old-crackjaw-square-woodcut.png]],assets/world-anvil/the-water-owed-him-one-old-crackjaw-square-woodcut.png,Old Crackjaw - Square Woodcut.png
The Lantern and Ledger/The Waters Stand.md,"![](assets/world-anvil/the-waters-stand-image-01.png ""08c78993-b43b-4b99-9796-81ad15789c1b.png"")",![[assets/world-anvil/the-waters-stand-image-01.png]],assets/world-anvil/the-waters-stand-image-01.png,08c78993-b43b-4b99-9796-81ad15789c1b.png
Uncategorized Articles/Brevoy.md,"![](assets/world-anvil/brevoy-map-of-brevoy-and-its-neighbors-jpg.webp ""350px-Map_of_Brevoy_and_its_neighbors.jpg.webp"")",![[assets/world-anvil/brevoy-map-of-brevoy-and-its-neighbors-jpg.webp]],assets/world-anvil/brevoy-map-of-brevoy-and-its-neighbors-jpg.webp,350px-Map_of_Brevoy_and_its_neighbors.jpg.webp
Vignettes - Abomination Vaults/9th Life.md,"![](assets/world-anvil/9th-life-fleshwarp-talia-final.png ""fleshwarp talia final.png"")",![[assets/world-anvil/9th-life-fleshwarp-talia-final.png]],assets/world-anvil/9th-life-fleshwarp-talia-final.png,fleshwarp talia final.png
Vignettes - Abomination Vaults/A Brief Lesson in Indoor Voices.md,"![](assets/world-anvil/a-brief-lesson-in-indoor-voices-content.webp ""content.webp"")",![[assets/world-anvil/a-brief-lesson-in-indoor-voices-content.webp]],assets/world-anvil/a-brief-lesson-in-indoor-voices-content.webp,content.webp
Vignettes - Abomination Vaults/ChafkhemΓÇÖs Warning.md,"![](assets/world-anvil/chafkhems-warning-image-01.png ""1000007235.png"")",![[assets/world-anvil/chafkhems-warning-image-01.png]],assets/world-anvil/chafkhems-warning-image-01.png,1000007235.png
"Vignettes - Abomination Vaults/Field Notes from the Lower Vaults ┬╖ Unscheduled Activity ┬╖ Chasm Watch, Third Rotation.md","![](assets/world-anvil/field-notes-from-the-lower-vaults-unscheduled-activity-chasm-watch-third-image-01.jpeg ""667543d5-3f9b-41b6-871f-399f8e1ed95f-md.jpg"")",![[assets/world-anvil/field-notes-from-the-lower-vaults-unscheduled-activity-chasm-watch-third-image-01.jpeg]],assets/world-anvil/field-notes-from-the-lower-vaults-unscheduled-activity-chasm-watch-third-image-01.jpeg,667543d5-3f9b-41b6-871f-399f8e1ed95f-md.jpg
Vignettes - Abomination Vaults/Gauntlight.md,"![](assets/world-anvil/gauntlight.png ""Gauntlight.png"")",![[assets/world-anvil/gauntlight.png]],assets/world-anvil/gauntlight.png,Gauntlight.png
Vignettes - Abomination Vaults/Let's See What Happens.md,"![](assets/world-anvil/let-s-see-what-happens-image-01.webp ""raw.webp"")",![[assets/world-anvil/let-s-see-what-happens-image-01.webp]],assets/world-anvil/let-s-see-what-happens-image-01.webp,raw.webp
Vignettes - Abomination Vaults/Let's See What Happens.md,"![](assets/world-anvil/let-s-see-what-happens-image-02.webp ""raw.webp"")",![[assets/world-anvil/let-s-see-what-happens-image-02.webp]],assets/world-anvil/let-s-see-what-happens-image-02.webp,raw.webp
Vignettes - Abomination Vaults/Let's See What Happens.md,"![](assets/world-anvil/let-s-see-what-happens-image-03.webp ""raw.webp"")",![[assets/world-anvil/let-s-see-what-happens-image-03.webp]],assets/world-anvil/let-s-see-what-happens-image-03.webp,raw.webp
Vignettes - Abomination Vaults/Madness Approaches.md,"![](assets/world-anvil/madness-approaches-image-01.png ""3d2c44c1-894d-4df0-a526-2c9feb4db300.png"")",![[assets/world-anvil/madness-approaches-image-01.png]],assets/world-anvil/madness-approaches-image-01.png,3d2c44c1-894d-4df0-a526-2c9feb4db300.png
Vignettes - Abomination Vaults/Malaroth's Judgement.md,"![](assets/world-anvil/malaroth-s-judgement-image0.webp ""image0.webp"")",![[assets/world-anvil/malaroth-s-judgement-image0.webp]],assets/world-anvil/malaroth-s-judgement-image0.webp,image0.webp
Vignettes - Abomination Vaults/Nightmares in the Mayor's Manor.md,"![](assets/world-anvil/nightmares-in-the-mayor-s-manor-image-01.png ""1000007236.png"")",![[assets/world-anvil/nightmares-in-the-mayor-s-manor-image-01.png]],assets/world-anvil/nightmares-in-the-mayor-s-manor-image-01.png,1000007236.png
Vignettes - Abomination Vaults/No Way to Get Ahead.md,"![](assets/world-anvil/no-way-to-get-ahead-scared-theron-2.png ""Scared Theron 2.png"")",![[assets/world-anvil/no-way-to-get-ahead-scared-theron-2.png]],assets/world-anvil/no-way-to-get-ahead-scared-theron-2.png,Scared Theron 2.png
Vignettes - Abomination Vaults/No Way to Get Ahead.md,"![](assets/world-anvil/no-way-to-get-ahead-theron-head-6.webp ""Theron_Head_6.webp"")",![[assets/world-anvil/no-way-to-get-ahead-theron-head-6.webp]],assets/world-anvil/no-way-to-get-ahead-theron-head-6.webp,Theron_Head_6.webp
Vignettes - Abomination Vaults/Otari Sleeps Uneasily.md,"![](assets/world-anvil/otari-sleeps-uneasily-image-01.png ""68c80688-7c98-49ae-9c2a-9eb49a8eae95.png"")",![[assets/world-anvil/otari-sleeps-uneasily-image-01.png]],assets/world-anvil/otari-sleeps-uneasily-image-01.png,68c80688-7c98-49ae-9c2a-9eb49a8eae95.png
"Vignettes - Abomination Vaults/Second Chances, Served Warm.md","![](assets/world-anvil/second-chances-served-warm-image-01.jpeg ""b83056c5-c0c9-4bd6-862f-5f78caf19180-md.jpg"")",![[assets/world-anvil/second-chances-served-warm-image-01.jpeg]],assets/world-anvil/second-chances-served-warm-image-01.jpeg,b83056c5-c0c9-4bd6-862f-5f78caf19180-md.jpg
Vignettes - Abomination Vaults/Surprise Party.md,"![](assets/world-anvil/surprise-party-image-01.webp ""raw.webp"")",![[assets/world-anvil/surprise-party-image-01.webp]],assets/world-anvil/surprise-party-image-01.webp,raw.webp
Vignettes - Abomination Vaults/The Only One Listening.md,"![](assets/world-anvil/the-only-one-listening-image-01.png ""d80f9e09-ae89-477f-90fb-dcbcf01ac886.png"")",![[assets/world-anvil/the-only-one-listening-image-01.png]],assets/world-anvil/the-only-one-listening-image-01.png,d80f9e09-ae89-477f-90fb-dcbcf01ac886.png
Vignettes - Abomination Vaults/The Whispering Reeds.md,"![](assets/world-anvil/the-whispering-reeds-image-01.png ""1001bfa0-d18b-45ec-99f6-d2f3a30933be.png"")",![[assets/world-anvil/the-whispering-reeds-image-01.png]],assets/world-anvil/the-whispering-reeds-image-01.png,1001bfa0-d18b-45ec-99f6-d2f3a30933be.png
Vignettes - Abomination Vaults/To Live or Die.md,"![](assets/world-anvil/to-live-or-die-image-01.webp ""raw.webp"")",![[assets/world-anvil/to-live-or-die-image-01.webp]],assets/world-anvil/to-live-or-die-image-01.webp,raw.webp
Vignettes - Abomination Vaults/To Live or Die.md,"![](assets/world-anvil/to-live-or-die-image-02.webp ""raw.webp"")",![[assets/world-anvil/to-live-or-die-image-02.webp]],assets/world-anvil/to-live-or-die-image-02.webp,raw.webp
Vignettes - Abomination Vaults/When the Shadows Breathe Out.md,"![](assets/world-anvil/when-the-shadows-breathe-out-dorianna.png ""Dorianna"")",![[assets/world-anvil/when-the-shadows-breathe-out-dorianna.png]],assets/world-anvil/when-the-shadows-breathe-out-dorianna.png,Dorianna
Vignettes - Kingmaker/The Last Guardian.md,"![](assets/world-anvil/the-last-guardian-korog-before-the-seal-wide.png ""Korog Before the Seal - Wide.png"")",![[assets/world-anvil/the-last-guardian-korog-before-the-seal-wide.png]],assets/world-anvil/the-last-guardian-korog-before-the-seal-wide.png,Korog Before the Seal - Wide.png
Vignettes - Kingmaker/The Last Guardian.md,"![](assets/world-anvil/the-last-guardian-tall-v2.png ""The Last Guardian - Tall v2.png"")",![[assets/world-anvil/the-last-guardian-tall-v2.png]],assets/world-anvil/the-last-guardian-tall-v2.png,The Last Guardian - Tall v2.png
