title,old_path,new_path,parent,confidence
Brevoy,Uncategorized Articles/Brevoy.md,Locations/Inner Sea Region/Brevoy.md,[[Locations/Inner Sea Region]],high
Briny Wake,Uncategorized Articles/Briny Wake.md,Settlements/Thumping Waters/Fort Tuskwater/Briny Wake.md,[[Settlements/Thumping Waters/Fort Tuskwater]],high
Delver's Brewery,Uncategorized Articles/Delver's Brewery.md,Settlements/Thumping Waters/Varnhold/Delver's Brewery.md,[[Settlements/Thumping Waters/Varnhold]],high
Dunsward,Uncategorized Articles/Dunsward.md,Locations/Inner Sea Region/River Kingdoms/Stolen Lands/Nomen Heights/Dunsward.md,[[Locations/Inner Sea Region/River Kingdoms/Stolen Lands/Nomen Heights]],medium
Fizzlesticks & Co,Uncategorized Articles/Fizzlesticks & Co.md,Settlements/Thumping Waters/Greengripe/Fizzlesticks & Co.md,[[Settlements/Thumping Waters/Greengripe]],high
Fort Drelev,Uncategorized Articles/Fort Drelev.md,Settlements/Fort Drelev.md,[[Locations/Inner Sea Region/River Kingdoms/Stolen Lands/Hooktongue Slough]],medium
Fort Serenko Lumberworks,Uncategorized Articles/Fort Serenko Lumberworks.md,Settlements/Thumping Waters/Fort Serenko/Fort Serenko Lumberworks.md,[[Settlements/Thumping Waters/Fort Serenko]],high
Free University of Thumping Waters,Uncategorized Articles/Free University of Thumping Waters.md,Settlements/Thumping Waters/Thumpington/Free University of Thumping Waters.md,[[Settlements/Thumping Waters/Thumpington]],high
Glenebon,Uncategorized Articles/Glenebon.md,Locations/Inner Sea Region/River Kingdoms/Stolen Lands/Glenebon.md,[[Locations/Inner Sea Region/River Kingdoms/Stolen Lands]],high
Government Printing Office,Uncategorized Articles/Government Printing Office.md,Settlements/Thumping Waters/Thumpington/Government Printing Office.md,[[Settlements/Thumping Waters/Thumpington]],high
Greenbelt,Uncategorized Articles/Greenbelt.md,Locations/Inner Sea Region/River Kingdoms/Stolen Lands/Greenbelt.md,[[Locations/Inner Sea Region/River Kingdoms/Stolen Lands]],high
Guildhall of the Joined Hands,Uncategorized Articles/Guildhall of the Joined Hands.md,Settlements/Thumping Waters/Tatzlford/Guildhall of the Joined Hands.md,[[Settlements/Thumping Waters/Tatzlford]],high
Hooktongue Slough,Uncategorized Articles/Hooktongue Slough.md,Locations/Inner Sea Region/River Kingdoms/Stolen Lands/Hooktongue Slough.md,[[Locations/Inner Sea Region/River Kingdoms/Stolen Lands]],high
Hooktongue,Uncategorized Articles/Hooktongue.md,NPCs/Hooktongue.md,[[Locations/Inner Sea Region/River Kingdoms/Stolen Lands/Hooktongue Slough/Lake Hooktongue]],high
House of Measured Paths,Uncategorized Articles/House of Measured Paths.md,Settlements/Thumping Waters/Tok-Nikrat/House of Measured Paths.md,[[Settlements/Thumping Waters/Tok-Nikrat]],high
Kamelands,Uncategorized Articles/Kamelands.md,Locations/Inner Sea Region/River Kingdoms/Stolen Lands/Greenbelt/Kamelands.md,[[Locations/Inner Sea Region/River Kingdoms/Stolen Lands/Greenbelt]],high
Lake Candlemere,Uncategorized Articles/Lake Candlemere.md,Locations/Inner Sea Region/River Kingdoms/Stolen Lands/Greenbelt/Kamelands/Lake Candlemere.md,[[Locations/Inner Sea Region/River Kingdoms/Stolen Lands/Greenbelt/Kamelands]],high
Lake Hooktongue,Uncategorized Articles/Lake Hooktongue.md,Locations/Inner Sea Region/River Kingdoms/Stolen Lands/Hooktongue Slough/Lake Hooktongue.md,[[Locations/Inner Sea Region/River Kingdoms/Stolen Lands/Hooktongue Slough]],high
Lake Silverstep,Uncategorized Articles/Lake Silverstep.md,Locations/Inner Sea Region/River Kingdoms/Stolen Lands/Nomen Heights/Lake Silverstep.md,[[Locations/Inner Sea Region/River Kingdoms/Stolen Lands/Nomen Heights]],high
Levet's Mill,Uncategorized Articles/Levet's Mill.md,Settlements/Thumping Waters/Olegton/Levet's Mill.md,[[Settlements/Thumping Waters/Olegton]],high
Mivon,Uncategorized Articles/Mivon.md,Settlements/Mivon.md,[[Locations/Inner Sea Region/River Kingdoms]],high
Narlmarches,Uncategorized Articles/Narlmarches.md,Locations/Inner Sea Region/River Kingdoms/Stolen Lands/Greenbelt/Narlmarches.md,[[Locations/Inner Sea Region/River Kingdoms/Stolen Lands/Greenbelt]],high
Nivaka's Crossing,Uncategorized Articles/Nivaka's Crossing.md,Settlements/Nivaka's Crossing.md,[[Locations/Inner Sea Region/Brevoy/Rostland Hinterlands]],high
Nomen Centaurs,Uncategorized Articles/Nomen Centaurs.md,Groups/Nomen Centaurs.md,[[Locations/Inner Sea Region/River Kingdoms/Stolen Lands/Nomen Heights/Dunsward]],high
Nomen Heights,Uncategorized Articles/Nomen Heights.md,Locations/Inner Sea Region/River Kingdoms/Stolen Lands/Nomen Heights.md,[[Locations/Inner Sea Region/River Kingdoms/Stolen Lands]],high
Otari,Uncategorized Articles/Otari.md,Settlements/Otari.md,[[Locations/Inner Sea Region]],high
Pathfinder Society Chronicle- Steadfast - Appendix A,Uncategorized Articles/Pathfinder Society Chronicle- Steadfast - Appendix A.md,Vignettes - Abomination Vaults/Pathfinder Society Chronicle - Steadfast/Appendix A.md,[[Vignettes - Abomination Vaults/Pathfinder Society Chronicle - Steadfast]],high
Pitax,Uncategorized Articles/Pitax.md,Settlements/Pitax.md,[[Locations/Inner Sea Region/River Kingdoms]],high
Restov,Uncategorized Articles/Restov.md,Settlements/Restov.md,[[Locations/Inner Sea Region/Brevoy/Rostland Hinterlands]],high
River Kingdoms,Uncategorized Articles/River Kingdoms.md,Locations/Inner Sea Region/River Kingdoms.md,[[Locations/Inner Sea Region]],high
Riverside Shrine,Uncategorized Articles/Riverside Shrine.md,Settlements/Thumping Waters/Sootscale Valley/Riverside Shrine.md,[[Settlements/Thumping Waters/Sootscale Valley]],high
Roc's Omelette,Uncategorized Articles/Roc's Omelette.md,Settlements/Thumping Waters/Thumpington/Roc's Omelette.md,[[Settlements/Thumping Waters/Thumpington]],high
Rostland Hinterlands,Uncategorized Articles/Rostland Hinterlands.md,Locations/Inner Sea Region/Brevoy/Rostland Hinterlands.md,[[Locations/Inner Sea Region/Brevoy]],high
Silver Reed,Uncategorized Articles/Silver Reed.md,Settlements/Thumping Waters/Willowfen/Silver Reed.md,[[Settlements/Thumping Waters/Willowfen]],high
Stag Lord's Fort,Uncategorized Articles/Stag Lord's Fort.md,Locations/Inner Sea Region/River Kingdoms/Stolen Lands/Greenbelt/Kamelands/Tuskwater/Stag Lord's Fort.md,[[Locations/Inner Sea Region/River Kingdoms/Stolen Lands/Greenbelt/Kamelands/Tuskwater]],high
Stolen Lands,Uncategorized Articles/Stolen Lands.md,Locations/Inner Sea Region/River Kingdoms/Stolen Lands.md,[[Locations/Inner Sea Region/River Kingdoms]],high
Tailforge Atelier,Uncategorized Articles/Tailforge Atelier.md,Settlements/Thumping Waters/Longtail Island/Tailforge Atelier.md,[[Settlements/Thumping Waters/Longtail Island]],high
Tartuk,Uncategorized Articles/Tartuk.md,NPCs/Tartuk.md,[[Groups/Sootscale Kobolds]],high
Temple of the First Light,Uncategorized Articles/Temple of the First Light.md,Settlements/Thumping Waters/Thumpington/Temple of the First Light.md,[[Settlements/Thumping Waters/Thumpington]],high
The Old Sycamore,Uncategorized Articles/The Old Sycamore.md,Locations/Inner Sea Region/River Kingdoms/Stolen Lands/Greenbelt/Kamelands/The Old Sycamore.md,[[Locations/Inner Sea Region/River Kingdoms/Stolen Lands/Greenbelt/Kamelands]],high
The Thousand Voices,Uncategorized Articles/The Thousand Voices.md,Locations/Inner Sea Region/River Kingdoms/Stolen Lands/The Thousand Voices.md,[[Locations/Inner Sea Region/River Kingdoms/Stolen Lands]],high
Tors of Levenies,Uncategorized Articles/Tors of Levenies.md,Locations/Inner Sea Region/River Kingdoms/Stolen Lands/Nomen Heights/Tors of Levenies.md,[[Locations/Inner Sea Region/River Kingdoms/Stolen Lands/Nomen Heights]],high
Tristian's Dawn,Uncategorized Articles/Tristian's Dawn.md,Settlements/Thumping Waters/Thumpington/Tristian's Dawn.md,[[Settlements/Thumping Waters/Thumpington]],high
Tuskwater,Uncategorized Articles/Tuskwater.md,Locations/Inner Sea Region/River Kingdoms/Stolen Lands/Greenbelt/Kamelands/Tuskwater.md,[[Locations/Inner Sea Region/River Kingdoms/Stolen Lands/Greenbelt/Kamelands]],high
Uringen,Uncategorized Articles/Uringen.md,Settlements/Uringen.md,[[Locations/Inner Sea Region/River Kingdoms]],high
Velka of the Sootscale ΓÇô Travels and Connections,Uncategorized Articles/Velka of the Sootscale ΓÇô Travels and Connections.md,Characters/Velka/Travels and Connections.md,[[Characters/Velka]],high
Whispering Step,Uncategorized Articles/Whispering Step.md,Settlements/Thumping Waters/Tok-Nikrat/Whispering Step.md,[[Settlements/Thumping Waters/Tok-Nikrat]],high
White Lantern,Uncategorized Articles/White Lantern.md,Settlements/Thumping Waters/Embeth Hall/White Lantern.md,[[Settlements/Thumping Waters/Embeth Hall]],high
Willowfen General,Uncategorized Articles/Willowfen General.md,Settlements/Thumping Waters/Willowfen/Willowfen General.md,[[Settlements/Thumping Waters/Willowfen]],high
