original_url,local_file
https://wa-cdn.nyc3.cdn.digitaloceanspaces.com/user-data/production/0f271434-58d2-4912-a9c9-8a5da0efb8d2/uploads/images/0e7ae8bb827eb32e3a1dd5caf51794c3.jpeg,assets/world-anvil/euan-blackwood-portrait.jpeg
https://wa-cdn.nyc3.cdn.digitaloceanspaces.com/user-data/production/0f271434-58d2-4912-a9c9-8a5da0efb8d2/uploads/images/0f9b91a8245ba2370c4b1ca9f80ec342.png,assets/world-anvil/valerie-portrait.png
https://wa-cdn.nyc3.cdn.digitaloceanspaces.com/user-data/production/0f271434-58d2-4912-a9c9-8a5da0efb8d2/uploads/images/108777fba5c8f07b32dfae1da1b98166.png,assets/world-anvil/elga-verniex-portrait.png
https://wa-cdn.nyc3.cdn.digitaloceanspaces.com/user-data/production/0f271434-58d2-4912-a9c9-8a5da0efb8d2/uploads/images/110a4fd3e759fb3f6f81c3bbdd3fabac.png,assets/world-anvil/shared-cover-110a4fd3e759.png
https://wa-cdn.nyc3.cdn.digitaloceanspaces.com/user-data/production/0f271434-58d2-4912-a9c9-8a5da0efb8d2/uploads/images/15ad88d4ac49d871dbbd6ff9c938b0b5.webp,assets/world-anvil/abadar-religious-symbol.webp
https://wa-cdn.nyc3.cdn.digitaloceanspaces.com/user-data/production/0f271434-58d2-4912-a9c9-8a5da0efb8d2/uploads/images/1851a533ca5672bd7712316e2640e660.webp,assets/world-anvil/let-s-see-what-happens-image-01.webp
https://wa-cdn.nyc3.cdn.digitaloceanspaces.com/user-data/production/0f271434-58d2-4912-a9c9-8a5da0efb8d2/uploads/images/283c8bfbb178db113b52d95814a94a29.png,assets/world-anvil/9th-life-fleshwarp-talia-final.png
https://wa-cdn.nyc3.cdn.digitaloceanspaces.com/user-data/production/0f271434-58d2-4912-a9c9-8a5da0efb8d2/uploads/images/2c2d28b87bde41f3a53923c6d7c4143f.png,assets/world-anvil/shared-cover-2c2d28b87bde.png
https://wa-cdn.nyc3.cdn.digitaloceanspaces.com/user-data/production/0f271434-58d2-4912-a9c9-8a5da0efb8d2/uploads/images/35f0e5cdcd0f3dd4cd8f4426d16178e7.png,assets/world-anvil/prazil-portrait.png
https://wa-cdn.nyc3.cdn.digitaloceanspaces.com/user-data/production/0f271434-58d2-4912-a9c9-8a5da0efb8d2/uploads/images/36ff5c303d0f1f63be8892f02ca9fd72.webp,assets/world-anvil/gorum-symbol-png.webp
https://wa-cdn.nyc3.cdn.digitaloceanspaces.com/user-data/production/0f271434-58d2-4912-a9c9-8a5da0efb8d2/uploads/images/375343420384ca94d453c1dd2e473da0.webp,assets/world-anvil/hargulka-portrait.webp
https://wa-cdn.nyc3.cdn.digitaloceanspaces.com/user-data/production/0f271434-58d2-4912-a9c9-8a5da0efb8d2/uploads/images/396b43c13a1171e965cdd40b6e1cb2c4.png,assets/world-anvil/king-vesket-portrait.png
https://wa-cdn.nyc3.cdn.digitaloceanspaces.com/user-data/production/0f271434-58d2-4912-a9c9-8a5da0efb8d2/uploads/images/4228ee29d4faf2652d94503a47d83665.png,assets/world-anvil/screenshots/Session 35 - Into Vordakai S Tomb/session-35-into-vordakai-s-tomb-17.png
https://wa-cdn.nyc3.cdn.digitaloceanspaces.com/user-data/production/0f271434-58d2-4912-a9c9-8a5da0efb8d2/uploads/images/4230056971b92613ad76dd87ff443d14.webp,assets/world-anvil/pharasma-portrait.webp
https://wa-cdn.nyc3.cdn.digitaloceanspaces.com/user-data/production/0f271434-58d2-4912-a9c9-8a5da0efb8d2/uploads/images/4aa2e24f4748951a3cee13e281a78cc9.jpeg,assets/world-anvil/auchs-portrait.jpeg
https://wa-cdn.nyc3.cdn.digitaloceanspaces.com/user-data/production/0f271434-58d2-4912-a9c9-8a5da0efb8d2/uploads/images/548d3e3e4a11c151c3e3e0ff46f0672d.png,assets/world-anvil/jamel-visser-portrait.png
https://wa-cdn.nyc3.cdn.digitaloceanspaces.com/user-data/production/0f271434-58d2-4912-a9c9-8a5da0efb8d2/uploads/images/62e1bda97f5ae4e358eccfccabde2458.png,assets/world-anvil/screenshots/Session 60 - The Years Between/session-60-the-years-between-17.png
https://wa-cdn.nyc3.cdn.digitaloceanspaces.com/user-data/production/0f271434-58d2-4912-a9c9-8a5da0efb8d2/uploads/images/67d4340960fa46f1ab5621f9895a1623.webp,assets/world-anvil/abadar-portrait.webp
https://wa-cdn.nyc3.cdn.digitaloceanspaces.com/user-data/production/0f271434-58d2-4912-a9c9-8a5da0efb8d2/uploads/images/68df745b60a108a5c9d5e938615973aa.webp,assets/world-anvil/let-s-see-what-happens-image-02.webp
https://wa-cdn.nyc3.cdn.digitaloceanspaces.com/user-data/production/0f271434-58d2-4912-a9c9-8a5da0efb8d2/uploads/images/6a14979ad9626553638c94351608b78b.png,assets/world-anvil/the-flickering-flame-image-01.png
https://wa-cdn.nyc3.cdn.digitaloceanspaces.com/user-data/production/0f271434-58d2-4912-a9c9-8a5da0efb8d2/uploads/images/6c23506f1012bf55c14f0ac9913ff5c8.webp,assets/world-anvil/to-live-or-die-image-02.webp
https://wa-cdn.nyc3.cdn.digitaloceanspaces.com/user-data/production/0f271434-58d2-4912-a9c9-8a5da0efb8d2/uploads/images/6c93554f475d0bd363dfeb17c05c52cc.jpeg,assets/world-anvil/akiros-insmort-portrait.jpeg
https://wa-cdn.nyc3.cdn.digitaloceanspaces.com/user-data/production/0f271434-58d2-4912-a9c9-8a5da0efb8d2/uploads/images/6d88eb3a5820da1f74ed651f320b572d.png,assets/world-anvil/grigori-portrait.png
https://wa-cdn.nyc3.cdn.digitaloceanspaces.com/user-data/production/0f271434-58d2-4912-a9c9-8a5da0efb8d2/uploads/images/8419afdfd667aca3ca38659037fa77a7.webp,assets/world-anvil/pharasma-religious-symbol.webp
https://wa-cdn.nyc3.cdn.digitaloceanspaces.com/user-data/production/0f271434-58d2-4912-a9c9-8a5da0efb8d2/uploads/images/8766016860c4c910942acb7a998a918d.png,assets/world-anvil/linzi-portrait.png
https://wa-cdn.nyc3.cdn.digitaloceanspaces.com/user-data/production/0f271434-58d2-4912-a9c9-8a5da0efb8d2/uploads/images/8781ac42e8280c9e107268201101c6ca.jpeg,assets/world-anvil/tiressia-portrait.jpeg
https://wa-cdn.nyc3.cdn.digitaloceanspaces.com/user-data/production/0f271434-58d2-4912-a9c9-8a5da0efb8d2/uploads/images/87ae80230cd683045654a73d899925dc.png,assets/world-anvil/screenshots/Session 56 - Pitax Awakens/session-56-pitax-awakens-10.png
https://wa-cdn.nyc3.cdn.digitaloceanspaces.com/user-data/production/0f271434-58d2-4912-a9c9-8a5da0efb8d2/uploads/images/92d022b693287e9840ed4df955f26a6e.png,assets/world-anvil/no-way-to-get-ahead-scared-theron-2.png
https://wa-cdn.nyc3.cdn.digitaloceanspaces.com/user-data/production/0f271434-58d2-4912-a9c9-8a5da0efb8d2/uploads/images/9a4523c04a069a2495bbb7c55a0a93d7.webp,assets/world-anvil/gorum-portrait.webp
https://wa-cdn.nyc3.cdn.digitaloceanspaces.com/user-data/production/0f271434-58d2-4912-a9c9-8a5da0efb8d2/uploads/images/9fa751b42cde9da9055a944f3ccf3747.png,assets/world-anvil/kereek-portrait.png
https://wa-cdn.nyc3.cdn.digitaloceanspaces.com/user-data/production/0f271434-58d2-4912-a9c9-8a5da0efb8d2/uploads/images/a6f4c03d2faf2e081775c599067669f6.webp,assets/world-anvil/surprise-party-image-01.webp
https://wa-cdn.nyc3.cdn.digitaloceanspaces.com/user-data/production/0f271434-58d2-4912-a9c9-8a5da0efb8d2/uploads/images/ade01d4de0c41511b0c22d7d575ad36d.webp,assets/world-anvil/to-live-or-die-image-01.webp
https://wa-cdn.nyc3.cdn.digitaloceanspaces.com/user-data/production/0f271434-58d2-4912-a9c9-8a5da0efb8d2/uploads/images/b425b8229687b9d9f750b578da0a90f4.png,assets/world-anvil/lamashtu-portrait.png
https://wa-cdn.nyc3.cdn.digitaloceanspaces.com/user-data/production/0f271434-58d2-4912-a9c9-8a5da0efb8d2/uploads/images/bbd321d85f7003ea8822aea5a68b2d5d.png,assets/world-anvil/elowyn-vask-portrait.png
https://wa-cdn.nyc3.cdn.digitaloceanspaces.com/user-data/production/0f271434-58d2-4912-a9c9-8a5da0efb8d2/uploads/images/bcea159fab70df790c300ba3fc1ffff3.webp,assets/world-anvil/no-way-to-get-ahead-theron-head-6.webp
https://wa-cdn.nyc3.cdn.digitaloceanspaces.com/user-data/production/0f271434-58d2-4912-a9c9-8a5da0efb8d2/uploads/images/c6e3e964c3355cde549ae3db08c88792.png,assets/world-anvil/loy-rezbin-portrait.png
https://wa-cdn.nyc3.cdn.digitaloceanspaces.com/user-data/production/0f271434-58d2-4912-a9c9-8a5da0efb8d2/uploads/images/ddf860eb072fc975352ad137609e9850.png,assets/world-anvil/screenshots/Session 53 - Of Blessed Waters and Buried Devils/session-53-of-blessed-waters-and-buried-devils-27.png
https://wa-cdn.nyc3.cdn.digitaloceanspaces.com/user-data/production/0f271434-58d2-4912-a9c9-8a5da0efb8d2/uploads/images/e0eb58cdae647a825c129b7e6b2b5e3d.webp,assets/world-anvil/session-10-founding-day-3-a-good-day-to-found-hard-thumping-waters-flag.webp
https://wa-cdn.nyc3.cdn.digitaloceanspaces.com/user-data/production/0f271434-58d2-4912-a9c9-8a5da0efb8d2/uploads/images/e3e07592705e9a3d91a5f331fed54287.webp,assets/world-anvil/malaroth-s-judgement-image0.webp
https://wa-cdn.nyc3.cdn.digitaloceanspaces.com/user-data/production/0f271434-58d2-4912-a9c9-8a5da0efb8d2/uploads/images/e9177be42bb3ed829f4f07a0ae654850.jpeg,assets/world-anvil/stas-portrait.jpeg
https://wa-cdn.nyc3.cdn.digitaloceanspaces.com/user-data/production/0f271434-58d2-4912-a9c9-8a5da0efb8d2/uploads/images/ed84b63fadcf44709bb4e8ad54b36297.webp,assets/world-anvil/let-s-see-what-happens-image-03.webp
https://wa-cdn.nyc3.cdn.digitaloceanspaces.com/user-data/production/0f271434-58d2-4912-a9c9-8a5da0efb8d2/uploads/images/fa5095cb2dbe33c2f35a7fc98cb082f8.png,assets/world-anvil/screenshots/Session 56 - Pitax Awakens/session-56-pitax-awakens-12.png
https://wa-cdn.nyc3.cdn.digitaloceanspaces.com/user-data/production/0f271434-58d2-4912-a9c9-8a5da0efb8d2/uploads/images/fb492ffedae853002d50d89dd74c83c7.jpeg,assets/world-anvil/melianse-portrait.jpeg
https://wa-cdn.nyc3.cdn.digitaloceanspaces.com/user-data/production/0f271434-58d2-4912-a9c9-8a5da0efb8d2/uploads/images/fe790aa2caf0acc6bb1270f47c1aac38.png,assets/world-anvil/screenshots/Session 31 - Varnhold Vanishing/session-31-varnhold-vanishing-11.png
https://wa-cdn.nyc3.cdn.digitaloceanspaces.com/user-data/production/0f271434-58d2-4912-a9c9-8a5da0efb8d2/uploads/images/fe9b126498aeb16c1228b9fd71b04713.png,assets/world-anvil/madness-approaches-image-01.png
https://wa-cdn.nyc3.cdn.digitaloceanspaces.com/user-data/production/428654b0-69d1-4298-a9e8-8c357e2ef36d/uploads/images/9ae626f1d8926adafa03b05504849f8f.jpeg,assets/world-anvil/august-shepard-portrait.jpeg
https://wa-cdn.nyc3.cdn.digitaloceanspaces.com/user-data/production/47878688-6426-4232-bf8a-63d66640a9c0/uploads/images/c413bfb855cb68119ff28db588d4799f.jpeg,assets/world-anvil/leif-darkwood-portrait.jpeg
https://wa-cdn.nyc3.cdn.digitaloceanspaces.com/user-data/production/60df5573-0213-4922-83c1-b66dbe563969/uploads/images/c020c1fa0b7a4505ff872aa83a2c0a7e.png,assets/world-anvil/seamus-portrait.png
https://wa-cdn.nyc3.cdn.digitaloceanspaces.com/user-data/production/6f8801f3-8417-490b-9d15-8542f3c9e130/uploads/images/36bc9464dcb625119bbb90d410297216.jpeg,assets/world-anvil/fitzroy-portrait.jpeg
https://wa-cdn.nyc3.cdn.digitaloceanspaces.com/user-data/production/bd88a274-ae51-4373-80df-3ab37a94e29a/uploads/images/6fe18ce60f824547ae4bbe52bd27f9cc.png,assets/world-anvil/velka-portrait.png
https://wa-cdn.nyc3.cdn.digitaloceanspaces.com/user-data/production/bd88a274-ae51-4373-80df-3ab37a94e29a/uploads/images/e66ec133ad56de84504aab0d6e189e29.png,assets/world-anvil/talia-nightclaw-portrait.png
https://wa-cdn.nyc3.cdn.digitaloceanspaces.com/user-data/production/d9d708bd-8f1d-4840-b16f-6ab28358768c/uploads/images/01f1500cf16875709990ea32b6fff817.jpeg,assets/world-anvil/kiri-steelpaws-portrait.jpeg
https://wa-cdn.nyc3.cdn.digitaloceanspaces.com/user-data/production/f44354c6-9735-4280-856e-a162ec9c49ea/uploads/images/3609b62595d54ce58bf1953089b97b0f.png,assets/world-anvil/matteo-portrait.png
https://wa-cdn.nyc3.digitaloceanspaces.com/user-data/production/0f271434-58d2-4912-a9c9-8a5da0efb8d2/uploads/images/00104d57851f362c9327404709179e13.png,assets/world-anvil/screenshots/Session 12 - Kingdom Mysteries/session-12-kingdom-mysteries-01.png
https://wa-cdn.nyc3.digitaloceanspaces.com/user-data/production/0f271434-58d2-4912-a9c9-8a5da0efb8d2/uploads/images/0078658d2cd50c49db28eee964313d32.webp,assets/world-anvil/hannis-drelev-portrait.webp
https://wa-cdn.nyc3.digitaloceanspaces.com/user-data/production/0f271434-58d2-4912-a9c9-8a5da0efb8d2/uploads/images/0154154dffc4378a174a47d4e9e8ecbd.png,assets/world-anvil/printing-spell-cards-spellbook-2.png
https://wa-cdn.nyc3.digitaloceanspaces.com/user-data/production/0f271434-58d2-4912-a9c9-8a5da0efb8d2/uploads/images/017b1f0131facb4995ed48d0f25ad34f.png,assets/world-anvil/screenshots/Session 42 - The Fire Beneath Drelev/session-42-the-fire-beneath-drelev-34.png
https://wa-cdn.nyc3.digitaloceanspaces.com/user-data/production/0f271434-58d2-4912-a9c9-8a5da0efb8d2/uploads/images/04342cdadc72723b822b3060a085e4da.png,assets/world-anvil/chief-sootscale-portrait.png
https://wa-cdn.nyc3.digitaloceanspaces.com/user-data/production/0f271434-58d2-4912-a9c9-8a5da0efb8d2/uploads/images/04a123671342ecbec7e33c607eb209b5.webp,assets/world-anvil/shelyn-holy-symbol.webp
https://wa-cdn.nyc3.digitaloceanspaces.com/user-data/production/0f271434-58d2-4912-a9c9-8a5da0efb8d2/uploads/images/0571b28d77d3eca0a5bb6733f416220a.png,assets/world-anvil/screenshots/Session 48 - Finishing the Job for Hannis/session-48-finishing-the-job-for-hannis-44.png
https://wa-cdn.nyc3.digitaloceanspaces.com/user-data/production/0f271434-58d2-4912-a9c9-8a5da0efb8d2/uploads/images/074763e2cb5834eda66c1ce924969163.png,assets/world-anvil/screenshots/Session 25 - The Hunt Begins/session-25-the-hunt-begins-10.png
https://wa-cdn.nyc3.digitaloceanspaces.com/user-data/production/0f271434-58d2-4912-a9c9-8a5da0efb8d2/uploads/images/077e1f6c83c00d792d83f7f46053cf45.png,assets/world-anvil/screenshots/Session 54 - The War Heats up/session-54-the-war-heats-up-18.png
https://wa-cdn.nyc3.digitaloceanspaces.com/user-data/production/0f271434-58d2-4912-a9c9-8a5da0efb8d2/uploads/images/08c65e4e6eedeb1ff7d862dfb55c1196.png,assets/world-anvil/screenshots/Session 60 - The Years Between/session-60-the-years-between-19.png
https://wa-cdn.nyc3.digitaloceanspaces.com/user-data/production/0f271434-58d2-4912-a9c9-8a5da0efb8d2/uploads/images/0b1bb905071cc6d66c027af65030944d.png,assets/world-anvil/screenshots/Session 02 - Go West Young Heroes/session-02-go-west-young-heroes-image-01.png
https://wa-cdn.nyc3.digitaloceanspaces.com/user-data/production/0f271434-58d2-4912-a9c9-8a5da0efb8d2/uploads/images/0cb271471216eb72bf64e59f9aeac865.png,assets/world-anvil/screenshots/Session 54 - The War Heats up/session-54-the-war-heats-up-21.png
https://wa-cdn.nyc3.digitaloceanspaces.com/user-data/production/0f271434-58d2-4912-a9c9-8a5da0efb8d2/uploads/images/0d55d125ceb00d7bf7fe720803a54d2b.png,assets/world-anvil/screenshots/Session 52 - The Abbey of Broken Bells/session-52-the-abbey-of-broken-bells-41.png
https://wa-cdn.nyc3.digitaloceanspaces.com/user-data/production/0f271434-58d2-4912-a9c9-8a5da0efb8d2/uploads/images/0f9f6860c19e63741d92ada3db487a86.jpeg,assets/world-anvil/king-castruccio-irrovetti-portrait.jpeg
https://wa-cdn.nyc3.digitaloceanspaces.com/user-data/production/0f271434-58d2-4912-a9c9-8a5da0efb8d2/uploads/images/107d8a8eed62e700798957ed626b4b12.webp,assets/world-anvil/irori-portrait.webp
https://wa-cdn.nyc3.digitaloceanspaces.com/user-data/production/0f271434-58d2-4912-a9c9-8a5da0efb8d2/uploads/images/130f9acb815bd8cf5c858efef452f013.png,assets/world-anvil/screenshots/Session 58 - Tyrant S Last Refuge/session-58-tyrant-s-last-refuge-16.png
https://wa-cdn.nyc3.digitaloceanspaces.com/user-data/production/0f271434-58d2-4912-a9c9-8a5da0efb8d2/uploads/images/13d2d9820e126586694e4f2eed29808f.jpeg,assets/world-anvil/morlibints-dossier-on-the-so-called-cult-of-the-canker-image-01.jpeg
https://wa-cdn.nyc3.digitaloceanspaces.com/user-data/production/0f271434-58d2-4912-a9c9-8a5da0efb8d2/uploads/images/157729f4159eb43e6fd0ce483b5743a2.png,assets/world-anvil/when-the-shadows-breathe-out-dorianna.png
https://wa-cdn.nyc3.digitaloceanspaces.com/user-data/production/0f271434-58d2-4912-a9c9-8a5da0efb8d2/uploads/images/15a9a2df5f31321a17a890ccf86992a6.jpeg,assets/world-anvil/connal-portrait.jpeg
https://wa-cdn.nyc3.digitaloceanspaces.com/user-data/production/0f271434-58d2-4912-a9c9-8a5da0efb8d2/uploads/images/1636c2a8cc8da748bdc2826a9b38af05.png,assets/world-anvil/willowfen-general-portrait.png
https://wa-cdn.nyc3.digitaloceanspaces.com/user-data/production/0f271434-58d2-4912-a9c9-8a5da0efb8d2/uploads/images/17010c9f00100dbf66ea3ba8c6a05566.png,assets/world-anvil/screenshots/Session 51 - Storms on the Western Horizon/session-51-storms-on-the-western-horizon-22.png
https://wa-cdn.nyc3.digitaloceanspaces.com/user-data/production/0f271434-58d2-4912-a9c9-8a5da0efb8d2/uploads/images/191546c276a02f1548c9771676a0750f.png,assets/world-anvil/screenshots/Session 50 - Silver Overall Steel at the Border/session-50-silver-overall-steel-at-the-border-image-01.png
https://wa-cdn.nyc3.digitaloceanspaces.com/user-data/production/0f271434-58d2-4912-a9c9-8a5da0efb8d2/uploads/images/1a60fbb84820984fa3e1c9db9f33b65b.png,assets/world-anvil/screenshots/Session 59 - There Is No Reyoknar/session-59-there-is-no-reyoknar-36.png
https://wa-cdn.nyc3.digitaloceanspaces.com/user-data/production/0f271434-58d2-4912-a9c9-8a5da0efb8d2/uploads/images/1addf3f2c5c270791340fa2a7a97529a.webp,assets/world-anvil/brevoy-map-of-brevoy-and-its-neighbors-jpg.webp
https://wa-cdn.nyc3.digitaloceanspaces.com/user-data/production/0f271434-58d2-4912-a9c9-8a5da0efb8d2/uploads/images/1c8bd547b6a573d73fcfefbcdec3866e.png,assets/world-anvil/morlibint-s-dossier-closing-remarks-image-01.png
https://wa-cdn.nyc3.digitaloceanspaces.com/user-data/production/0f271434-58d2-4912-a9c9-8a5da0efb8d2/uploads/images/1ed16a53ffeb876a8cd490e838e1a826.jpeg,assets/world-anvil/morlibeint-s-dossier-on-sources-and-reliability-image-01.jpeg
https://wa-cdn.nyc3.digitaloceanspaces.com/user-data/production/0f271434-58d2-4912-a9c9-8a5da0efb8d2/uploads/images/1edceade3049b3349cdd14177b026bc6.webp,assets/world-anvil/erastil-holy-symbol-jpg.webp
https://wa-cdn.nyc3.digitaloceanspaces.com/user-data/production/0f271434-58d2-4912-a9c9-8a5da0efb8d2/uploads/images/1ee28a851b78cfcaeba8532f3b1a0d8c.png,assets/world-anvil/pitaxian-allies-crush-republican-advance-image-01.png
https://wa-cdn.nyc3.digitaloceanspaces.com/user-data/production/0f271434-58d2-4912-a9c9-8a5da0efb8d2/uploads/images/1fe54e9021219093dbc48807ffeee069.png,assets/world-anvil/screenshots/Session 41 - The Seige of Tatzlford/session-41-the-seige-of-tatzlford-11.png
https://wa-cdn.nyc3.digitaloceanspaces.com/user-data/production/0f271434-58d2-4912-a9c9-8a5da0efb8d2/uploads/images/206309995522115fbf9d97bea0dd9dfa.jpeg,assets/world-anvil/morlibint-s-dossier-the-whispering-caverns-image-01.jpeg
https://wa-cdn.nyc3.digitaloceanspaces.com/user-data/production/0f271434-58d2-4912-a9c9-8a5da0efb8d2/uploads/images/20907c2d284fa4e786894086027e7b9d.png,assets/world-anvil/screenshots/Session 40 - Back into the Slough/session-40-back-into-the-slough-24.png
https://wa-cdn.nyc3.digitaloceanspaces.com/user-data/production/0f271434-58d2-4912-a9c9-8a5da0efb8d2/uploads/images/2135ef957a1ecba3adfda872c91b5a39.png,assets/world-anvil/temple-of-the-first-light-portrait.png
https://wa-cdn.nyc3.digitaloceanspaces.com/user-data/production/0f271434-58d2-4912-a9c9-8a5da0efb8d2/uploads/images/23ed4cfbec714bcbe86623410964c2df.png,assets/world-anvil/morlibint-s-dossier-the-children-of-belcorra-image-01.png
https://wa-cdn.nyc3.digitaloceanspaces.com/user-data/production/0f271434-58d2-4912-a9c9-8a5da0efb8d2/uploads/images/240025586799917e8ccca910d0899a98.png,assets/world-anvil/session-60-the-years-between-crazy-akbar.png
https://wa-cdn.nyc3.digitaloceanspaces.com/user-data/production/0f271434-58d2-4912-a9c9-8a5da0efb8d2/uploads/images/24c3df06a981be97e8b5a9df45c1003e.png,assets/world-anvil/fizzlesticks-and-co-portrait.png
https://wa-cdn.nyc3.digitaloceanspaces.com/user-data/production/0f271434-58d2-4912-a9c9-8a5da0efb8d2/uploads/images/25cb80908709a381ebabf8102059fa05.png,assets/world-anvil/screenshots/Session 50 - Silver Overall Steel at the Border/session-50-silver-overall-steel-at-the-border-13.png
https://wa-cdn.nyc3.digitaloceanspaces.com/user-data/production/0f271434-58d2-4912-a9c9-8a5da0efb8d2/uploads/images/2892dd7e907278758d0bbaf7e653056c.png,assets/world-anvil/2892dd7e907278758d0bbaf7e653056c_1a3d40a391.png
https://wa-cdn.nyc3.digitaloceanspaces.com/user-data/production/0f271434-58d2-4912-a9c9-8a5da0efb8d2/uploads/images/291992d0597b4e68203549e2a046450e.png,assets/world-anvil/nightmares-in-the-mayor-s-manor-image-01.png
https://wa-cdn.nyc3.digitaloceanspaces.com/user-data/production/0f271434-58d2-4912-a9c9-8a5da0efb8d2/uploads/images/2b56d8e3de48d4858956d717d25477b3.png,assets/world-anvil/amiri-s-sword-image-01.png
https://wa-cdn.nyc3.digitaloceanspaces.com/user-data/production/0f271434-58d2-4912-a9c9-8a5da0efb8d2/uploads/images/2b6d5d92e5e97e4744b0749f41ef32bd.jpeg,assets/world-anvil/morlibints-dossier-on-the-training-grounds-image-01.jpeg
https://wa-cdn.nyc3.digitaloceanspaces.com/user-data/production/0f271434-58d2-4912-a9c9-8a5da0efb8d2/uploads/images/2bf78ff101ce605407459f4481b22ea2.png,assets/world-anvil/screenshots/Session 57 - Every Door Leads to the King/session-57-every-door-leads-to-the-king-35.png
https://wa-cdn.nyc3.digitaloceanspaces.com/user-data/production/0f271434-58d2-4912-a9c9-8a5da0efb8d2/uploads/images/2c822beb49ea63bc3c6be40f5482e585.png,assets/world-anvil/levet-s-mill-portrait.png
https://wa-cdn.nyc3.digitaloceanspaces.com/user-data/production/0f271434-58d2-4912-a9c9-8a5da0efb8d2/uploads/images/2d3428132c22789f843e63520836a791.png,assets/world-anvil/screenshots/Session 48 - Finishing the Job for Hannis/session-48-finishing-the-job-for-hannis-45.png
https://wa-cdn.nyc3.digitaloceanspaces.com/user-data/production/0f271434-58d2-4912-a9c9-8a5da0efb8d2/uploads/images/2d37910600297c84a1e3ca755db1bfe0.png,assets/world-anvil/screenshots/Session 14 - Love Hurts/session-14-love-hurts-10.png
https://wa-cdn.nyc3.digitaloceanspaces.com/user-data/production/0f271434-58d2-4912-a9c9-8a5da0efb8d2/uploads/images/2e10e8376eeb566bf771a13a33007b93.png,assets/world-anvil/screenshots/Session 03 - Big Trouble at Little Oleg S/session-03-big-trouble-at-little-oleg-s-image-01.png
https://wa-cdn.nyc3.digitaloceanspaces.com/user-data/production/0f271434-58d2-4912-a9c9-8a5da0efb8d2/uploads/images/2fc60b07da7c36a7c6214763b232697e.png,assets/world-anvil/screenshots/Session 52 - The Abbey of Broken Bells/session-52-the-abbey-of-broken-bells-45.png
https://wa-cdn.nyc3.digitaloceanspaces.com/user-data/production/0f271434-58d2-4912-a9c9-8a5da0efb8d2/uploads/images/2feea1c7578965f552dc6eba50b3174c.png,assets/world-anvil/river-kingdoms-image-02.png
https://wa-cdn.nyc3.digitaloceanspaces.com/user-data/production/0f271434-58d2-4912-a9c9-8a5da0efb8d2/uploads/images/301b48a54cdf712766d4987d1ffa1668.png,assets/world-anvil/ministry-of-justice-flag.png
https://wa-cdn.nyc3.digitaloceanspaces.com/user-data/production/0f271434-58d2-4912-a9c9-8a5da0efb8d2/uploads/images/304b7c2aef8059f922ce563076cfb090.png,assets/world-anvil/screenshots/Session 53 - Of Blessed Waters and Buried Devils/session-53-of-blessed-waters-and-buried-devils-28.png
https://wa-cdn.nyc3.digitaloceanspaces.com/user-data/production/0f271434-58d2-4912-a9c9-8a5da0efb8d2/uploads/images/309780765d4c9514849be332d170bbdb.png,assets/world-anvil/the-last-guardian-tall-v2.png
https://wa-cdn.nyc3.digitaloceanspaces.com/user-data/production/0f271434-58d2-4912-a9c9-8a5da0efb8d2/uploads/images/32547ec91c7ab508e6c760415605876d.png,assets/world-anvil/where-law-cannot-follow-image-01.png
https://wa-cdn.nyc3.digitaloceanspaces.com/user-data/production/0f271434-58d2-4912-a9c9-8a5da0efb8d2/uploads/images/32bc6ac54e32d3528af1011bd70d11a8.png,assets/world-anvil/screenshots/Session 19 - The Kobolds the Iruxi and the Trolls/session-19-the-kobolds-the-iruxi-and-the-trolls-17.png
https://wa-cdn.nyc3.digitaloceanspaces.com/user-data/production/0f271434-58d2-4912-a9c9-8a5da0efb8d2/uploads/images/32beab6103324b1b1134117efc07513e.png,assets/world-anvil/screenshots/Session 48 - Finishing the Job for Hannis/session-48-finishing-the-job-for-hannis-43.png
https://wa-cdn.nyc3.digitaloceanspaces.com/user-data/production/0f271434-58d2-4912-a9c9-8a5da0efb8d2/uploads/images/32e37548cdf518437ed78dfc40b291e4.png,assets/world-anvil/screenshots/Session 05 - Finishing the Old Sycamore/session-05-finishing-the-old-sycamore-image-01.png
https://wa-cdn.nyc3.digitaloceanspaces.com/user-data/production/0f271434-58d2-4912-a9c9-8a5da0efb8d2/uploads/images/32ecc83d122d3ebd63548df49354d797.png,assets/world-anvil/screenshots/Session 16 - Death to All Who Oppose Us/session-16-death-to-all-who-oppose-us-10.png
https://wa-cdn.nyc3.digitaloceanspaces.com/user-data/production/0f271434-58d2-4912-a9c9-8a5da0efb8d2/uploads/images/32ff100f60111b3ea3c9b25e7a8acb6a.png,assets/world-anvil/shared-cover-32ff100f6011.png
https://wa-cdn.nyc3.digitaloceanspaces.com/user-data/production/0f271434-58d2-4912-a9c9-8a5da0efb8d2/uploads/images/340c29d320d3f1bdcf27be2f381cb325.png,assets/world-anvil/screenshots/Session 36 - Vordakai S End/session-36-vordakai-s-end-17.png
https://wa-cdn.nyc3.digitaloceanspaces.com/user-data/production/0f271434-58d2-4912-a9c9-8a5da0efb8d2/uploads/images/347ee96b605c1c613bdbb9cc002b941d.png,assets/world-anvil/ministry-of-intelligence-flag.png
https://wa-cdn.nyc3.digitaloceanspaces.com/user-data/production/0f271434-58d2-4912-a9c9-8a5da0efb8d2/uploads/images/355d9528e13bbaa32be51feee9c28985.png,assets/world-anvil/screenshots/Session 61 - Breaking the Seal/session-61-breaking-the-seal-14.png
https://wa-cdn.nyc3.digitaloceanspaces.com/user-data/production/0f271434-58d2-4912-a9c9-8a5da0efb8d2/uploads/images/35c0bf90fb72993e57e1b0d51d5607f2.png,assets/world-anvil/hanspur-s-chosen-image-01.png
https://wa-cdn.nyc3.digitaloceanspaces.com/user-data/production/0f271434-58d2-4912-a9c9-8a5da0efb8d2/uploads/images/35c220c80cf3036c9a73b91c201efd3b.png,assets/world-anvil/screenshots/Session 60 - The Years Between/session-60-the-years-between-18.png
https://wa-cdn.nyc3.digitaloceanspaces.com/user-data/production/0f271434-58d2-4912-a9c9-8a5da0efb8d2/uploads/images/386fefbad71318add38b3053ca342896.png,assets/world-anvil/the-quiet-after-battle-image-01.png
https://wa-cdn.nyc3.digitaloceanspaces.com/user-data/production/0f271434-58d2-4912-a9c9-8a5da0efb8d2/uploads/images/3887fe855db73ffad6cf8c77bacbcead.jpeg,assets/world-anvil/basic-guide-to-attacks-of-opportunity-and-provoking-reach.jpeg
https://wa-cdn.nyc3.digitaloceanspaces.com/user-data/production/0f271434-58d2-4912-a9c9-8a5da0efb8d2/uploads/images/3a254dd9e42fe774db57ce24d80a45d5.jpeg,assets/world-anvil/morlibints-dossier-the-haruvex-lineage-image-01.jpeg
https://wa-cdn.nyc3.digitaloceanspaces.com/user-data/production/0f271434-58d2-4912-a9c9-8a5da0efb8d2/uploads/images/3b81833849b301716029b0e392b09e44.png,assets/world-anvil/screenshots/Session 49 - The Rushlight Begins/session-49-the-rushlight-begins-23.png
https://wa-cdn.nyc3.digitaloceanspaces.com/user-data/production/0f271434-58d2-4912-a9c9-8a5da0efb8d2/uploads/images/3d6ed1d7c948e10d7f0ecb766a13a054.jpeg,assets/world-anvil/morlibints-dossier-final-assessment-image-01.jpeg
https://wa-cdn.nyc3.digitaloceanspaces.com/user-data/production/0f271434-58d2-4912-a9c9-8a5da0efb8d2/uploads/images/3e61d1be552b655a7b89c687b9a3b995.png,assets/world-anvil/screenshots/Session 13 - The Depths of Candlemere Island/session-13-the-depths-of-candlemere-island-23.png
https://wa-cdn.nyc3.digitaloceanspaces.com/user-data/production/0f271434-58d2-4912-a9c9-8a5da0efb8d2/uploads/images/3eba4751939f3b654711f6294a723748.webp,assets/world-anvil/torag-holy-symbol-jpg.webp
https://wa-cdn.nyc3.digitaloceanspaces.com/user-data/production/0f271434-58d2-4912-a9c9-8a5da0efb8d2/uploads/images/3fc9a8823312346ab9756668b945803f.png,assets/world-anvil/oculus-of-abaddon.png
https://wa-cdn.nyc3.digitaloceanspaces.com/user-data/production/0f271434-58d2-4912-a9c9-8a5da0efb8d2/uploads/images/405b6a0dddc6041f09c4d1c857b06274.webp,assets/world-anvil/sootscale-kobolds-tartuk.webp
https://wa-cdn.nyc3.digitaloceanspaces.com/user-data/production/0f271434-58d2-4912-a9c9-8a5da0efb8d2/uploads/images/40a1be69850fde4074d9a2473b2f97cc.png,assets/world-anvil/screenshots/Session 51 - Storms on the Western Horizon/session-51-storms-on-the-western-horizon-24.png
https://wa-cdn.nyc3.digitaloceanspaces.com/user-data/production/0f271434-58d2-4912-a9c9-8a5da0efb8d2/uploads/images/4249bbfe8e8ea33e4417fcadaf0ea4e9.png,assets/world-anvil/silver-reed-portrait.png
https://wa-cdn.nyc3.digitaloceanspaces.com/user-data/production/0f271434-58d2-4912-a9c9-8a5da0efb8d2/uploads/images/43576dcc64a1381d5209aa211b38383f.png,assets/world-anvil/ameon-trask-portrait.png
https://wa-cdn.nyc3.digitaloceanspaces.com/user-data/production/0f271434-58d2-4912-a9c9-8a5da0efb8d2/uploads/images/44131bcf88cb1645e651d10bdfdbc293.png,assets/world-anvil/screenshots/Session 46 - The Cleansing Lie/session-46-the-cleansing-lie-32.png
https://wa-cdn.nyc3.digitaloceanspaces.com/user-data/production/0f271434-58d2-4912-a9c9-8a5da0efb8d2/uploads/images/4487b7bc1966d6c5099f61b25cea3b98.png,assets/world-anvil/the-day-she-stood-still-image-01.png
https://wa-cdn.nyc3.digitaloceanspaces.com/user-data/production/0f271434-58d2-4912-a9c9-8a5da0efb8d2/uploads/images/45275d2b7c64f21ac265bfb02fd0ab5e.jpeg,assets/world-anvil/morlibints-dossier-wisps-fog-and-dreams-image-01.jpeg
https://wa-cdn.nyc3.digitaloceanspaces.com/user-data/production/0f271434-58d2-4912-a9c9-8a5da0efb8d2/uploads/images/4551868c36b414b7cb544b4f48562bcb.png,assets/world-anvil/screenshots/Session 49 - The Rushlight Begins/session-49-the-rushlight-begins-image-03.png
https://wa-cdn.nyc3.digitaloceanspaces.com/user-data/production/0f271434-58d2-4912-a9c9-8a5da0efb8d2/uploads/images/459b1efc6f5c47be2396520db9f9cd27.png,assets/world-anvil/white-lantern-portrait.png
https://wa-cdn.nyc3.digitaloceanspaces.com/user-data/production/0f271434-58d2-4912-a9c9-8a5da0efb8d2/uploads/images/45ba3f180d60291f2f62844e275f200c.png,assets/world-anvil/satinder-morne-portrait.png
https://wa-cdn.nyc3.digitaloceanspaces.com/user-data/production/0f271434-58d2-4912-a9c9-8a5da0efb8d2/uploads/images/4613b1fc1f1b9f0f8a73c530faff54a0.png,assets/world-anvil/screenshots/Session 56 - Pitax Awakens/session-56-pitax-awakens-09.png
https://wa-cdn.nyc3.digitaloceanspaces.com/user-data/production/0f271434-58d2-4912-a9c9-8a5da0efb8d2/uploads/images/4685d28330d92ce4c32df0f722fb6d19.png,assets/world-anvil/the-lantern-and-ledger-printing-press.png
https://wa-cdn.nyc3.digitaloceanspaces.com/user-data/production/0f271434-58d2-4912-a9c9-8a5da0efb8d2/uploads/images/46f218b4a8645c6a14ab4fc229621cd2.png,assets/world-anvil/morlibint-s-dossier-the-whispering-reeds-image-01.png
https://wa-cdn.nyc3.digitaloceanspaces.com/user-data/production/0f271434-58d2-4912-a9c9-8a5da0efb8d2/uploads/images/4712f435603906e31d74b919f8761f85.png,assets/world-anvil/screenshots/Session 57 - Every Door Leads to the King/session-57-every-door-leads-to-the-king-36.png
https://wa-cdn.nyc3.digitaloceanspaces.com/user-data/production/0f271434-58d2-4912-a9c9-8a5da0efb8d2/uploads/images/474f1698c6b5ac74a7bc06f22eb73735.png,assets/world-anvil/ministry-of-defense-flag.png
https://wa-cdn.nyc3.digitaloceanspaces.com/user-data/production/0f271434-58d2-4912-a9c9-8a5da0efb8d2/uploads/images/4784cbcca8e56e659c360d06ecb0e08f.png,assets/world-anvil/screenshots/Session 55 - Endeavor to Persevere/session-55-endeavor-to-persevere-29.png
https://wa-cdn.nyc3.digitaloceanspaces.com/user-data/production/0f271434-58d2-4912-a9c9-8a5da0efb8d2/uploads/images/47fc7dee15fd2c2819eab5283382bccf.png,assets/world-anvil/screenshots/Session 58 - Tyrant S Last Refuge/session-58-tyrant-s-last-refuge-19.png
https://wa-cdn.nyc3.digitaloceanspaces.com/user-data/production/0f271434-58d2-4912-a9c9-8a5da0efb8d2/uploads/images/48bff97b800f0d364c808910b7409ed8.png,assets/world-anvil/screenshots/Session 55 - Endeavor to Persevere/session-55-endeavor-to-persevere-28.png
https://wa-cdn.nyc3.digitaloceanspaces.com/user-data/production/0f271434-58d2-4912-a9c9-8a5da0efb8d2/uploads/images/48fb79abc6f1a9e7d82ca5e30ffb9056.png,assets/world-anvil/shared-cover-48fb79abc6f1.png
https://wa-cdn.nyc3.digitaloceanspaces.com/user-data/production/0f271434-58d2-4912-a9c9-8a5da0efb8d2/uploads/images/49bdb058ad78d5c758bb3b7c5dfec2ba.png,assets/world-anvil/the-stone-rat-stone-rat.png
https://wa-cdn.nyc3.digitaloceanspaces.com/user-data/production/0f271434-58d2-4912-a9c9-8a5da0efb8d2/uploads/images/49fc397be2fc10f823f5a3d4c2578683.png,assets/world-anvil/screenshots/Session 58 - Tyrant S Last Refuge/session-58-tyrant-s-last-refuge-17.png
https://wa-cdn.nyc3.digitaloceanspaces.com/user-data/production/0f271434-58d2-4912-a9c9-8a5da0efb8d2/uploads/images/4a7eea0d1706f3df36702b456699067d.webp,assets/world-anvil/gozreh-holy-symbol-jpg.webp
https://wa-cdn.nyc3.digitaloceanspaces.com/user-data/production/0f271434-58d2-4912-a9c9-8a5da0efb8d2/uploads/images/4af8bf743db534df3b189a268198f134.jpeg,assets/world-anvil/leroy-portrait.jpeg
https://wa-cdn.nyc3.digitaloceanspaces.com/user-data/production/0f271434-58d2-4912-a9c9-8a5da0efb8d2/uploads/images/4b52306886aaa16078af483fa158fb13.png,assets/world-anvil/screenshots/Session 07/session-7-13.png
https://wa-cdn.nyc3.digitaloceanspaces.com/user-data/production/0f271434-58d2-4912-a9c9-8a5da0efb8d2/uploads/images/4cc1087dd66dc2ca51cda19bdd4d3e49.png,assets/world-anvil/government-printing-office-portrait.png
https://wa-cdn.nyc3.digitaloceanspaces.com/user-data/production/0f271434-58d2-4912-a9c9-8a5da0efb8d2/uploads/images/4ce88036d3a64ecfeb8415527f1b52f7.png,assets/world-anvil/armag-the-twice-born-portrait.png
https://wa-cdn.nyc3.digitaloceanspaces.com/user-data/production/0f271434-58d2-4912-a9c9-8a5da0efb8d2/uploads/images/4f52fcdc0dc0b192eb919baeffed8ca0.png,assets/world-anvil/screenshots/Session 32 - Blockhouse Assault/session-32-blockhouse-assault-29.png
https://wa-cdn.nyc3.digitaloceanspaces.com/user-data/production/0f271434-58d2-4912-a9c9-8a5da0efb8d2/uploads/images/50ff4f8858724bc53531658b7c95b572.png,assets/world-anvil/tailforge-atelier-portrait.png
https://wa-cdn.nyc3.digitaloceanspaces.com/user-data/production/0f271434-58d2-4912-a9c9-8a5da0efb8d2/uploads/images/5311c838b7b3d27f717c3e5ae47cf6d5.png,assets/world-anvil/screenshots/Session 49 - The Rushlight Begins/session-49-the-rushlight-begins-image-02.png
https://wa-cdn.nyc3.digitaloceanspaces.com/user-data/production/0f271434-58d2-4912-a9c9-8a5da0efb8d2/uploads/images/54a1a1589c7ea1624b5ecd879481c388.png,assets/world-anvil/screenshots/Session 48 - Finishing the Job for Hannis/session-48-finishing-the-job-for-hannis-47.png
https://wa-cdn.nyc3.digitaloceanspaces.com/user-data/production/0f271434-58d2-4912-a9c9-8a5da0efb8d2/uploads/images/5765cf1a974a8155885423a3228e9474.jpeg,assets/world-anvil/erastil-portrait.jpeg
https://wa-cdn.nyc3.digitaloceanspaces.com/user-data/production/0f271434-58d2-4912-a9c9-8a5da0efb8d2/uploads/images/5a5b1ef3ce29b8f154302cd703be6c50.png,assets/world-anvil/screenshots/Session 56 - Pitax Awakens/session-56-pitax-awakens-11.png
https://wa-cdn.nyc3.digitaloceanspaces.com/user-data/production/0f271434-58d2-4912-a9c9-8a5da0efb8d2/uploads/images/5a9a318399e89422cf3573f1a7bc8b96.png,assets/world-anvil/shared-session-49-24.png
https://wa-cdn.nyc3.digitaloceanspaces.com/user-data/production/0f271434-58d2-4912-a9c9-8a5da0efb8d2/uploads/images/5ae523ac30a047089901664f576c697b.webp,assets/world-anvil/razmir-portrait.webp
https://wa-cdn.nyc3.digitaloceanspaces.com/user-data/production/0f271434-58d2-4912-a9c9-8a5da0efb8d2/uploads/images/5b272e33309846068fafbb496b7204c4.jpeg,assets/world-anvil/amiri-portrait.jpeg
https://wa-cdn.nyc3.digitaloceanspaces.com/user-data/production/0f271434-58d2-4912-a9c9-8a5da0efb8d2/uploads/images/5d0935703bb52b587a3ccdb957221f89.png,assets/world-anvil/shared-cover-5d0935703bb5.png
https://wa-cdn.nyc3.digitaloceanspaces.com/user-data/production/0f271434-58d2-4912-a9c9-8a5da0efb8d2/uploads/images/5efdf6d3c7b95401fcf634e8ffa3d8db.png,assets/world-anvil/screenshots/Session 53 - Of Blessed Waters and Buried Devils/session-53-of-blessed-waters-and-buried-devils-29.png
https://wa-cdn.nyc3.digitaloceanspaces.com/user-data/production/0f271434-58d2-4912-a9c9-8a5da0efb8d2/uploads/images/5f3b57fb269c704fc920a08711f101fc.png,assets/world-anvil/screenshots/Session 30 - Valerie S Victory/session-30-valerie-s-victory-11.png
https://wa-cdn.nyc3.digitaloceanspaces.com/user-data/production/0f271434-58d2-4912-a9c9-8a5da0efb8d2/uploads/images/5f7e692fc658150c2eb1b16cb1ab37ee.png,assets/world-anvil/screenshots/Session 55 - Endeavor to Persevere/session-55-endeavor-to-persevere-27.png
https://wa-cdn.nyc3.digitaloceanspaces.com/user-data/production/0f271434-58d2-4912-a9c9-8a5da0efb8d2/uploads/images/61c12d08eeafc7bb02c2c223534a6450.png,assets/world-anvil/gauntlight.png
https://wa-cdn.nyc3.digitaloceanspaces.com/user-data/production/0f271434-58d2-4912-a9c9-8a5da0efb8d2/uploads/images/626434fab079d9c16889e39373b8821e.png,assets/world-anvil/the-only-one-listening-image-01.png
https://wa-cdn.nyc3.digitaloceanspaces.com/user-data/production/0f271434-58d2-4912-a9c9-8a5da0efb8d2/uploads/images/6401ccb93cc9e522a3d8537d9338cadf.webp,assets/world-anvil/torag-portrait.webp
https://wa-cdn.nyc3.digitaloceanspaces.com/user-data/production/0f271434-58d2-4912-a9c9-8a5da0efb8d2/uploads/images/648aee732b20554bd1cfbc942277f197.jpeg,assets/world-anvil/field-notes-from-the-lower-vaults-unscheduled-activity-chasm-watch-third-image-01.jpeg
https://wa-cdn.nyc3.digitaloceanspaces.com/user-data/production/0f271434-58d2-4912-a9c9-8a5da0efb8d2/uploads/images/64930dd635c0f1c79e2292eb28e07d0f.png,assets/world-anvil/lorcan-portrait.png
https://wa-cdn.nyc3.digitaloceanspaces.com/user-data/production/0f271434-58d2-4912-a9c9-8a5da0efb8d2/uploads/images/65f2a61cd8b057a3521645ffa16df6a4.jpeg,assets/world-anvil/morlibint-s-dossier-the-cult-of-urthagul-image-01.jpeg
https://wa-cdn.nyc3.digitaloceanspaces.com/user-data/production/0f271434-58d2-4912-a9c9-8a5da0efb8d2/uploads/images/67939f6a681f076f172ea6d4798db4b9.png,assets/world-anvil/screenshots/Session 51 - Storms on the Western Horizon/session-51-storms-on-the-western-horizon-20.png
https://wa-cdn.nyc3.digitaloceanspaces.com/user-data/production/0f271434-58d2-4912-a9c9-8a5da0efb8d2/uploads/images/699bf5476a3b8e8c7cce03b0a5048fe0.jpeg,assets/world-anvil/the-king-comes-to-thumpington-image-01.jpeg
https://wa-cdn.nyc3.digitaloceanspaces.com/user-data/production/0f271434-58d2-4912-a9c9-8a5da0efb8d2/uploads/images/6a8d1950f4188aa162e8bc7b261396c6.png,assets/world-anvil/briny-wake-portrait.png
https://wa-cdn.nyc3.digitaloceanspaces.com/user-data/production/0f271434-58d2-4912-a9c9-8a5da0efb8d2/uploads/images/6c673628a0a385efb33cb3bd84aff900.png,assets/world-anvil/terrion-numesti-portrait.png
https://wa-cdn.nyc3.digitaloceanspaces.com/user-data/production/0f271434-58d2-4912-a9c9-8a5da0efb8d2/uploads/images/6d9a0c951aa205e33d685ab27fe72bb3.png,assets/world-anvil/screenshots/Session 61 - Breaking the Seal/session-61-breaking-the-seal-13.png
https://wa-cdn.nyc3.digitaloceanspaces.com/user-data/production/0f271434-58d2-4912-a9c9-8a5da0efb8d2/uploads/images/6f3e4dc6cfd0b5b2ad8bae1c55554117.webp,assets/world-anvil/desna-holy-symbol-2-jpg.webp
https://wa-cdn.nyc3.digitaloceanspaces.com/user-data/production/0f271434-58d2-4912-a9c9-8a5da0efb8d2/uploads/images/6fa6678a44f4a950bfcf7c2f8e89fe4b.png,assets/world-anvil/screenshots/Session 26 - The Bloom/session-26-the-bloom-07.png
https://wa-cdn.nyc3.digitaloceanspaces.com/user-data/production/0f271434-58d2-4912-a9c9-8a5da0efb8d2/uploads/images/70117344202ddf851052ce7563bf00a8.png,assets/world-anvil/screenshots/Session 27 - The Inconsequent Debates/session-27-the-inconsequent-debates-15.png
https://wa-cdn.nyc3.digitaloceanspaces.com/user-data/production/0f271434-58d2-4912-a9c9-8a5da0efb8d2/uploads/images/702974f1c6dcb1e77541d6e32722c91d.png,assets/world-anvil/the-last-guardian-korog-before-the-seal-wide.png
https://wa-cdn.nyc3.digitaloceanspaces.com/user-data/production/0f271434-58d2-4912-a9c9-8a5da0efb8d2/uploads/images/71974bb007ec98985c7dcaccec06f959.png,assets/world-anvil/screenshots/Session 02 - Go West Young Heroes/session-02-go-west-young-heroes-image-02.png
https://wa-cdn.nyc3.digitaloceanspaces.com/user-data/production/0f271434-58d2-4912-a9c9-8a5da0efb8d2/uploads/images/73f1ba487807b3f1024a81789854712f.webp,assets/world-anvil/shelyn-portrait.webp
https://wa-cdn.nyc3.digitaloceanspaces.com/user-data/production/0f271434-58d2-4912-a9c9-8a5da0efb8d2/uploads/images/76f8ae1608d30f669e0e51a3ea8598e8.png,assets/world-anvil/roald-celinnas-portrait.png
https://wa-cdn.nyc3.digitaloceanspaces.com/user-data/production/0f271434-58d2-4912-a9c9-8a5da0efb8d2/uploads/images/7b475718508102e44e805fb70d508f4c.png,assets/world-anvil/screenshots/Session 49 - The Rushlight Begins/session-49-the-rushlight-begins-image-01.png
https://wa-cdn.nyc3.digitaloceanspaces.com/user-data/production/0f271434-58d2-4912-a9c9-8a5da0efb8d2/uploads/images/7b7f8163e95cffaa212778525ae5ceb5.png,assets/world-anvil/screenshots/Session 09/session-9-10.png
https://wa-cdn.nyc3.digitaloceanspaces.com/user-data/production/0f271434-58d2-4912-a9c9-8a5da0efb8d2/uploads/images/7bb875b346cacecc281c71ff4a742507.png,assets/world-anvil/screenshots/Session 54 - The War Heats up/session-54-the-war-heats-up-20.png
https://wa-cdn.nyc3.digitaloceanspaces.com/user-data/production/0f271434-58d2-4912-a9c9-8a5da0efb8d2/uploads/images/7d7bb97764cd17f12df1213d7bb2795b.png,assets/world-anvil/free-university-of-thumping-waters-flag.png
https://wa-cdn.nyc3.digitaloceanspaces.com/user-data/production/0f271434-58d2-4912-a9c9-8a5da0efb8d2/uploads/images/7d7fc340331a51f137baa9f3a5b269e8.png,assets/world-anvil/the-town-irovetti-fed-to-monsters-littletown-4.png
https://wa-cdn.nyc3.digitaloceanspaces.com/user-data/production/0f271434-58d2-4912-a9c9-8a5da0efb8d2/uploads/images/7dbfd7ad94626b1101fa6b1ea07d5d61.png,assets/world-anvil/screenshots/Session 28 - Source of the Bloom/session-28-source-of-the-bloom-20.png
https://wa-cdn.nyc3.digitaloceanspaces.com/user-data/production/0f271434-58d2-4912-a9c9-8a5da0efb8d2/uploads/images/7ed0919ea1a34317cdf59a4e9a1f30d7.webp,assets/world-anvil/groetus-holy-symbol-jpg.webp
https://wa-cdn.nyc3.digitaloceanspaces.com/user-data/production/0f271434-58d2-4912-a9c9-8a5da0efb8d2/uploads/images/80208137f4d8f6505152111379f420e7.png,assets/world-anvil/nok-nok-portrait.png
https://wa-cdn.nyc3.digitaloceanspaces.com/user-data/production/0f271434-58d2-4912-a9c9-8a5da0efb8d2/uploads/images/8162a87832e32cf030d4fe2bafae736d.png,assets/world-anvil/screenshots/Session 52 - The Abbey of Broken Bells/session-52-the-abbey-of-broken-bells-42.png
https://wa-cdn.nyc3.digitaloceanspaces.com/user-data/production/0f271434-58d2-4912-a9c9-8a5da0efb8d2/uploads/images/817389786177dc328bae6372af8f754a.png,assets/world-anvil/ministry-of-the-interior-flag.png
https://wa-cdn.nyc3.digitaloceanspaces.com/user-data/production/0f271434-58d2-4912-a9c9-8a5da0efb8d2/uploads/images/854d75f9d22a1e758779093f86c38761.png,assets/world-anvil/screenshots/Session 34 - Into the Valley of Death/session-34-into-the-valley-of-death-11.png
https://wa-cdn.nyc3.digitaloceanspaces.com/user-data/production/0f271434-58d2-4912-a9c9-8a5da0efb8d2/uploads/images/85d4d3525a24f891f49cd8f4140289ed.png,assets/world-anvil/ministry-of-communication-flag.png
https://wa-cdn.nyc3.digitaloceanspaces.com/user-data/production/0f271434-58d2-4912-a9c9-8a5da0efb8d2/uploads/images/87d527c1d721c0cd9b19ea3812c3f0dd.webp,assets/world-anvil/cayden-cailean-holy-symbol-jpg.webp
https://wa-cdn.nyc3.digitaloceanspaces.com/user-data/production/0f271434-58d2-4912-a9c9-8a5da0efb8d2/uploads/images/898ce57de246d55fa0eddf0eedd675a1.png,assets/world-anvil/screenshots/Session 45 - Armag S Tomb Raiders/session-45-armag-s-tomb-raiders-57.png
https://wa-cdn.nyc3.digitaloceanspaces.com/user-data/production/0f271434-58d2-4912-a9c9-8a5da0efb8d2/uploads/images/8a0e089aba8614004fa775cb985a7855.png,assets/world-anvil/screenshots/Session 56 - Pitax Awakens/session-56-pitax-awakens-13.png
https://wa-cdn.nyc3.digitaloceanspaces.com/user-data/production/0f271434-58d2-4912-a9c9-8a5da0efb8d2/uploads/images/8a1bfbff37cbe9c6b151e83d7057ffc7.png,assets/world-anvil/shared-cover-8a1bfbff37cb.png
https://wa-cdn.nyc3.digitaloceanspaces.com/user-data/production/0f271434-58d2-4912-a9c9-8a5da0efb8d2/uploads/images/8ae27f908f10d8ab571f100110dfac3a.png,assets/world-anvil/fort-serenko-lumberworks-portrait.png
https://wa-cdn.nyc3.digitaloceanspaces.com/user-data/production/0f271434-58d2-4912-a9c9-8a5da0efb8d2/uploads/images/8b65288d0359658db5a53dee04795a21.png,assets/world-anvil/printing-spell-cards-spellbook-1.png
https://wa-cdn.nyc3.digitaloceanspaces.com/user-data/production/0f271434-58d2-4912-a9c9-8a5da0efb8d2/uploads/images/8c9a2deeebb85002e88f35e9054c62e6.png,assets/world-anvil/house-of-measured-paths-portrait.png
https://wa-cdn.nyc3.digitaloceanspaces.com/user-data/production/0f271434-58d2-4912-a9c9-8a5da0efb8d2/uploads/images/8d02f12014a303dd13021b2441067246.png,assets/world-anvil/screenshots/Session 57 - Every Door Leads to the King/session-57-every-door-leads-to-the-king-37.png
https://wa-cdn.nyc3.digitaloceanspaces.com/user-data/production/0f271434-58d2-4912-a9c9-8a5da0efb8d2/uploads/images/8dc353493726dc7fcea1937dde6f4925.png,assets/world-anvil/rainbows-in-the-snow-cover.png
https://wa-cdn.nyc3.digitaloceanspaces.com/user-data/production/0f271434-58d2-4912-a9c9-8a5da0efb8d2/uploads/images/8e7157f8f263ef1e9975eac34aed55fa.jpeg,assets/world-anvil/morlibints-dossier-on-wrin-sivinxi-and-the-question-of-lenses-image-01.jpeg
https://wa-cdn.nyc3.digitaloceanspaces.com/user-data/production/0f271434-58d2-4912-a9c9-8a5da0efb8d2/uploads/images/8ec3e0278927c787d846ad26d96def63.png,assets/world-anvil/shared-image-8ec3e0278927.png
https://wa-cdn.nyc3.digitaloceanspaces.com/user-data/production/0f271434-58d2-4912-a9c9-8a5da0efb8d2/uploads/images/8f10c7e1a3b33ab661d625c526a5d8a5.png,assets/world-anvil/screenshots/Session 52 - The Abbey of Broken Bells/session-52-the-abbey-of-broken-bells-40.png
https://wa-cdn.nyc3.digitaloceanspaces.com/user-data/production/0f271434-58d2-4912-a9c9-8a5da0efb8d2/uploads/images/902225e131d315028458b5e6af449bbe.png,assets/world-anvil/morlibint-s-dossier-the-farm-redux-image-01.png
https://wa-cdn.nyc3.digitaloceanspaces.com/user-data/production/0f271434-58d2-4912-a9c9-8a5da0efb8d2/uploads/images/93dd65d34fc989df82d09cdb7c25dd73.png,assets/world-anvil/morlibints-dossier-nhimbaloth-the-empty-death-image-01.png
https://wa-cdn.nyc3.digitaloceanspaces.com/user-data/production/0f271434-58d2-4912-a9c9-8a5da0efb8d2/uploads/images/94f4fa77e36b009ed9eb851304138689.jpeg,assets/world-anvil/morlibints-dossier-the-roseguard-image-01.jpeg
https://wa-cdn.nyc3.digitaloceanspaces.com/user-data/production/0f271434-58d2-4912-a9c9-8a5da0efb8d2/uploads/images/9662a50950f1e964a37baf536d0ebb42.png,assets/world-anvil/screenshots/Session 01 - A Time to Kill/session-01-a-time-to-kill-image-01.png
https://wa-cdn.nyc3.digitaloceanspaces.com/user-data/production/0f271434-58d2-4912-a9c9-8a5da0efb8d2/uploads/images/9682788d28f274333e93ff53e15fa7d6.png,assets/world-anvil/chafkhems-warning-image-01.png
https://wa-cdn.nyc3.digitaloceanspaces.com/user-data/production/0f271434-58d2-4912-a9c9-8a5da0efb8d2/uploads/images/977c5fe0e40f81dc02a00279cc7bba05.png,assets/world-anvil/screenshots/Session 38 - The Fall of M Botuu/session-38-the-fall-of-m-botuu-29.png
https://wa-cdn.nyc3.digitaloceanspaces.com/user-data/production/0f271434-58d2-4912-a9c9-8a5da0efb8d2/uploads/images/98cef7fa1953a8690ae88b89248e0f98.png,assets/world-anvil/screenshots/Session 52 - The Abbey of Broken Bells/session-52-the-abbey-of-broken-bells-44.png
https://wa-cdn.nyc3.digitaloceanspaces.com/user-data/production/0f271434-58d2-4912-a9c9-8a5da0efb8d2/uploads/images/991016ddf4cda39862dc3a643bfed75e.png,assets/world-anvil/morlibint-s-dossier-the-farm-image-01.png
https://wa-cdn.nyc3.digitaloceanspaces.com/user-data/production/0f271434-58d2-4912-a9c9-8a5da0efb8d2/uploads/images/9a830b678b0f8328e6c20a41d7af54c9.png,assets/world-anvil/older-than-last-year-image-01.png
https://wa-cdn.nyc3.digitaloceanspaces.com/user-data/production/0f271434-58d2-4912-a9c9-8a5da0efb8d2/uploads/images/9c72b3b23aaf38ce2b0bf8621f14c8ad.png,assets/world-anvil/screenshots/Session 51 - Storms on the Western Horizon/session-51-storms-on-the-western-horizon-21.png
https://wa-cdn.nyc3.digitaloceanspaces.com/user-data/production/0f271434-58d2-4912-a9c9-8a5da0efb8d2/uploads/images/9e2650aff8fb1b94c8aeb91f3716de41.png,assets/world-anvil/svetlana-leveton-portrait.png
https://wa-cdn.nyc3.digitaloceanspaces.com/user-data/production/0f271434-58d2-4912-a9c9-8a5da0efb8d2/uploads/images/9e8621722a3de5d94c18e4d4ac998bce.png,assets/world-anvil/screenshots/Session 51 - Storms on the Western Horizon/session-51-storms-on-the-western-horizon-19.png
https://wa-cdn.nyc3.digitaloceanspaces.com/user-data/production/0f271434-58d2-4912-a9c9-8a5da0efb8d2/uploads/images/9eaadf6f32168ac7a65b8db90ae8c0d5.jpeg,assets/world-anvil/morlibints-dossier-on-the-fleshwarping-laboratories-image-01.jpeg
https://wa-cdn.nyc3.digitaloceanspaces.com/user-data/production/0f271434-58d2-4912-a9c9-8a5da0efb8d2/uploads/images/9ec401be4b3c71515cecee659cfe7c7f.png,assets/world-anvil/grigori-s-fate-image-01.png
https://wa-cdn.nyc3.digitaloceanspaces.com/user-data/production/0f271434-58d2-4912-a9c9-8a5da0efb8d2/uploads/images/a1ec4dd7e35866dd7296a0753c19c267.png,assets/world-anvil/screenshots/Session 48 - Finishing the Job for Hannis/session-48-finishing-the-job-for-hannis-46.png
https://wa-cdn.nyc3.digitaloceanspaces.com/user-data/production/0f271434-58d2-4912-a9c9-8a5da0efb8d2/uploads/images/a2c311ed9d560f0659040a68dab2d047.png,assets/world-anvil/tok-nikrat-portrait.png
https://wa-cdn.nyc3.digitaloceanspaces.com/user-data/production/0f271434-58d2-4912-a9c9-8a5da0efb8d2/uploads/images/a4e4d7cfd0486989a15cf2e2ce3f9747.png,assets/world-anvil/kisandra-numesti-portrait.png
https://wa-cdn.nyc3.digitaloceanspaces.com/user-data/production/0f271434-58d2-4912-a9c9-8a5da0efb8d2/uploads/images/a778edef07d4d10dae8b1e80e1d6b953.png,assets/world-anvil/screenshots/Session 33 - Blockhouse Assault Cracking the Fortress/session-33-blockhouse-assault-cracking-the-fortress-15.png
https://wa-cdn.nyc3.digitaloceanspaces.com/user-data/production/0f271434-58d2-4912-a9c9-8a5da0efb8d2/uploads/images/a83fc30634cfea08970c772fa8db9013.png,assets/world-anvil/screenshots/Session 21 - Rebuilding/session-21-rebuilding-10.png
https://wa-cdn.nyc3.digitaloceanspaces.com/user-data/production/0f271434-58d2-4912-a9c9-8a5da0efb8d2/uploads/images/ad13c28e5fa71a9be67a048d94df65b6.png,assets/world-anvil/otari-sleeps-uneasily-image-01.png
https://wa-cdn.nyc3.digitaloceanspaces.com/user-data/production/0f271434-58d2-4912-a9c9-8a5da0efb8d2/uploads/images/ad83b2629bee835bda73933227152984.png,assets/world-anvil/screenshots/Session 59 - There Is No Reyoknar/session-59-there-is-no-reyoknar-38.png
https://wa-cdn.nyc3.digitaloceanspaces.com/user-data/production/0f271434-58d2-4912-a9c9-8a5da0efb8d2/uploads/images/aff23e5fd458894b1d3dbe97c2f19136.png,assets/world-anvil/screenshots/Session 61 - Breaking the Seal/session-61-breaking-the-seal-16.png
https://wa-cdn.nyc3.digitaloceanspaces.com/user-data/production/0f271434-58d2-4912-a9c9-8a5da0efb8d2/uploads/images/b16510c313714d72eca38fa2faf278da.png,assets/world-anvil/nilak-portrait.png
https://wa-cdn.nyc3.digitaloceanspaces.com/user-data/production/0f271434-58d2-4912-a9c9-8a5da0efb8d2/uploads/images/b1fb4a8e285f45094ba4f2d90ba4d54c.png,assets/world-anvil/guildhall-of-the-joined-hands-portrait.png
https://wa-cdn.nyc3.digitaloceanspaces.com/user-data/production/0f271434-58d2-4912-a9c9-8a5da0efb8d2/uploads/images/b22cd79f8d946851038a53a330bbc451.png,assets/world-anvil/screenshots/Session 59 - There Is No Reyoknar/session-59-there-is-no-reyoknar-39.png
https://wa-cdn.nyc3.digitaloceanspaces.com/user-data/production/0f271434-58d2-4912-a9c9-8a5da0efb8d2/uploads/images/b29499eb7cbae92048250ac6f628e420.png,assets/world-anvil/skybolt.png
https://wa-cdn.nyc3.digitaloceanspaces.com/user-data/production/0f271434-58d2-4912-a9c9-8a5da0efb8d2/uploads/images/b394309a8ad2c34d4be0c9adc64e4161.png,assets/world-anvil/screenshots/Session 10 - Founding Day 3 a Good Day to Found Hard/session-10-founding-day-3-a-good-day-to-found-hard-08.png
https://wa-cdn.nyc3.digitaloceanspaces.com/user-data/production/0f271434-58d2-4912-a9c9-8a5da0efb8d2/uploads/images/b546a0d5ac5ebd8f23d64fff30c18149.png,assets/world-anvil/shared-cover-b546a0d5ac5e.png
https://wa-cdn.nyc3.digitaloceanspaces.com/user-data/production/0f271434-58d2-4912-a9c9-8a5da0efb8d2/uploads/images/b771998b874085b24609ec639fd10494.png,assets/world-anvil/rennie-portrait.png
https://wa-cdn.nyc3.digitaloceanspaces.com/user-data/production/0f271434-58d2-4912-a9c9-8a5da0efb8d2/uploads/images/b7f8ba65bf64fa6d7edb617ca2b4fc53.png,assets/world-anvil/screenshots/Session 54 - The War Heats up/session-54-the-war-heats-up-22.png
https://wa-cdn.nyc3.digitaloceanspaces.com/user-data/production/0f271434-58d2-4912-a9c9-8a5da0efb8d2/uploads/images/b82c0840fd7b59ce5ab2f2341228ce18.png,assets/world-anvil/screenshots/Session 58 - Tyrant S Last Refuge/session-58-tyrant-s-last-refuge-15.png
https://wa-cdn.nyc3.digitaloceanspaces.com/user-data/production/0f271434-58d2-4912-a9c9-8a5da0efb8d2/uploads/images/b84367c686c3d78e54c866adc3136cd3.png,assets/world-anvil/delver-s-brewery-portrait.png
https://wa-cdn.nyc3.digitaloceanspaces.com/user-data/production/0f271434-58d2-4912-a9c9-8a5da0efb8d2/uploads/images/b8b548fef83eed7959d2a7d87b4ad0ac.png,assets/world-anvil/screenshots/Session 22 - The Mystery of the Missing Money/session-22-the-mystery-of-the-missing-money-14.png
https://wa-cdn.nyc3.digitaloceanspaces.com/user-data/production/0f271434-58d2-4912-a9c9-8a5da0efb8d2/uploads/images/b99625ccea5b8811601d398a064b443e.png,assets/world-anvil/screenshots/Session 29 - Aftermath/session-29-aftermath-11.png
https://wa-cdn.nyc3.digitaloceanspaces.com/user-data/production/0f271434-58d2-4912-a9c9-8a5da0efb8d2/uploads/images/bae11c10d3edd8c478ec377411c357cc.png,assets/world-anvil/screenshots/Session 37 - A Year of Peace/session-37-a-year-of-peace-13.png
https://wa-cdn.nyc3.digitaloceanspaces.com/user-data/production/0f271434-58d2-4912-a9c9-8a5da0efb8d2/uploads/images/bbc5159181c94fa48a97262cd677b3a4.png,assets/world-anvil/screenshots/Session 17 - Corruption in the Capitol/session-17-corruption-in-the-capitol-06.png
https://wa-cdn.nyc3.digitaloceanspaces.com/user-data/production/0f271434-58d2-4912-a9c9-8a5da0efb8d2/uploads/images/bd4f19544693068257c0eef5783f00f3.png,assets/world-anvil/screenshots/Session 58 - Tyrant S Last Refuge/session-58-tyrant-s-last-refuge-18.png
https://wa-cdn.nyc3.digitaloceanspaces.com/user-data/production/0f271434-58d2-4912-a9c9-8a5da0efb8d2/uploads/images/be69205688a12445aa5e5bd19805edbf.png,assets/world-anvil/morlibint-s-dossier-the-drow-in-the-farm-image-01.png
https://wa-cdn.nyc3.digitaloceanspaces.com/user-data/production/0f271434-58d2-4912-a9c9-8a5da0efb8d2/uploads/images/bf1451ba7f2c17a7c28ed10e83f8e46a.png,assets/world-anvil/screenshots/Session 44 - Blood Oaths and Broken Chains/session-44-blood-oaths-and-broken-chains-31.png
https://wa-cdn.nyc3.digitaloceanspaces.com/user-data/production/0f271434-58d2-4912-a9c9-8a5da0efb8d2/uploads/images/bfa08601fb47dc43b4c40ac72b0687f2.png,assets/world-anvil/screenshots/Session 61 - Breaking the Seal/session-61-breaking-the-seal-15.png
https://wa-cdn.nyc3.digitaloceanspaces.com/user-data/production/0f271434-58d2-4912-a9c9-8a5da0efb8d2/uploads/images/c13ca4933668461c71402cc34090ba3a.png,assets/world-anvil/screenshots/Session 47 - Faithful S End and Expansion/session-47-faithful-s-end-and-expansion-27.png
https://wa-cdn.nyc3.digitaloceanspaces.com/user-data/production/0f271434-58d2-4912-a9c9-8a5da0efb8d2/uploads/images/c2a713543f66ccbdd6eb5b25d11f39ab.png,assets/world-anvil/screenshots/Session 36 - Vordakai S End/session-36-vordakai-s-end-16.png
https://wa-cdn.nyc3.digitaloceanspaces.com/user-data/production/0f271434-58d2-4912-a9c9-8a5da0efb8d2/uploads/images/c3c9d47e02a1b695cb84cb9e865bf5f3.png,assets/world-anvil/screenshots/Session 54 - The War Heats up/session-54-the-war-heats-up-23.png
https://wa-cdn.nyc3.digitaloceanspaces.com/user-data/production/0f271434-58d2-4912-a9c9-8a5da0efb8d2/uploads/images/c4645066d1e9dbeece7a5aa792070155.png,assets/world-anvil/pitax-hordes-betrayed-by-foreign-agitators-image-01.png
https://wa-cdn.nyc3.digitaloceanspaces.com/user-data/production/0f271434-58d2-4912-a9c9-8a5da0efb8d2/uploads/images/c636ea9224470b3682c7002d8c3820db.jpeg,assets/world-anvil/morlibints-dossier-corrective-annotation-image-01.jpeg
https://wa-cdn.nyc3.digitaloceanspaces.com/user-data/production/0f271434-58d2-4912-a9c9-8a5da0efb8d2/uploads/images/c6905880363a1f9697f0e1aa0ef8f085.png,assets/world-anvil/the-water-owed-him-one-old-crackjaw-square-woodcut.png
https://wa-cdn.nyc3.digitaloceanspaces.com/user-data/production/0f271434-58d2-4912-a9c9-8a5da0efb8d2/uploads/images/c7c0ffc4e6a5baecf4cdad9d6b87c697.png,assets/world-anvil/screenshots/Session 24 - Visit to Varnhold/session-24-visit-to-varnhold-03.png
https://wa-cdn.nyc3.digitaloceanspaces.com/user-data/production/0f271434-58d2-4912-a9c9-8a5da0efb8d2/uploads/images/c894df79d17dc69656c063709ccb5613.png,assets/world-anvil/whispering-step-portrait.png
https://wa-cdn.nyc3.digitaloceanspaces.com/user-data/production/0f271434-58d2-4912-a9c9-8a5da0efb8d2/uploads/images/caaee61fbf46b5bd193ec18419797a55.png,assets/world-anvil/screenshots/Session 43 - The Fall of Fort Drelev/session-43-the-fall-of-fort-drelev-49.png
https://wa-cdn.nyc3.digitaloceanspaces.com/user-data/production/0f271434-58d2-4912-a9c9-8a5da0efb8d2/uploads/images/cd2baa68a78ab0b048aee5ce8120bd70.jpeg,assets/world-anvil/morlibints-dossier-gauntlight-and-the-abomination-vaults-image-01.jpeg
https://wa-cdn.nyc3.digitaloceanspaces.com/user-data/production/0f271434-58d2-4912-a9c9-8a5da0efb8d2/uploads/images/ce9c1e09f284b8109077782050dd0a0f.webp,assets/world-anvil/a-brief-lesson-in-indoor-voices-content.webp
https://wa-cdn.nyc3.digitaloceanspaces.com/user-data/production/0f271434-58d2-4912-a9c9-8a5da0efb8d2/uploads/images/cf06429a017c16c0732e1a4efd437ab2.webp,assets/world-anvil/brevoy-flag.webp
https://wa-cdn.nyc3.digitaloceanspaces.com/user-data/production/0f271434-58d2-4912-a9c9-8a5da0efb8d2/uploads/images/cfc78d9a1796dd107ed4153276b5133f.png,assets/world-anvil/ovinrbaane.png
https://wa-cdn.nyc3.digitaloceanspaces.com/user-data/production/0f271434-58d2-4912-a9c9-8a5da0efb8d2/uploads/images/d08f2264f231eeb2ca164568dba0171c.png,assets/world-anvil/office-of-the-prime-minister-flag.png
https://wa-cdn.nyc3.digitaloceanspaces.com/user-data/production/0f271434-58d2-4912-a9c9-8a5da0efb8d2/uploads/images/d0e10dcce0ca50683593eb18d09a6e2b.png,assets/world-anvil/screenshots/Session 08/session-8-17.png
https://wa-cdn.nyc3.digitaloceanspaces.com/user-data/production/0f271434-58d2-4912-a9c9-8a5da0efb8d2/uploads/images/d0fec2e771be95c26db3d4264e5b5d28.png,assets/world-anvil/screenshots/Session 18 - I M Sailing Away/session-18-i-m-sailing-away-10.png
https://wa-cdn.nyc3.digitaloceanspaces.com/user-data/production/0f271434-58d2-4912-a9c9-8a5da0efb8d2/uploads/images/d1a4847267b93b7038d23b42076f6075.png,assets/world-anvil/screenshots/Session 57 - Every Door Leads to the King/session-57-every-door-leads-to-the-king-33.png
https://wa-cdn.nyc3.digitaloceanspaces.com/user-data/production/0f271434-58d2-4912-a9c9-8a5da0efb8d2/uploads/images/d350b13d7ec7553d4c7b3cf851fbb1c3.png,assets/world-anvil/screenshots/Session 53 - Of Blessed Waters and Buried Devils/session-53-of-blessed-waters-and-buried-devils-26.png
https://wa-cdn.nyc3.digitaloceanspaces.com/user-data/production/0f271434-58d2-4912-a9c9-8a5da0efb8d2/uploads/images/d3db9f580b8c388291b847e8cc14cc70.png,assets/world-anvil/screenshots/Session 59 - There Is No Reyoknar/session-59-there-is-no-reyoknar-37.png
https://wa-cdn.nyc3.digitaloceanspaces.com/user-data/production/0f271434-58d2-4912-a9c9-8a5da0efb8d2/uploads/images/d3df053bff177b50df5dbd6950f335e5.png,assets/world-anvil/corruption-at-the-rushlight-image-01.png
https://wa-cdn.nyc3.digitaloceanspaces.com/user-data/production/0f271434-58d2-4912-a9c9-8a5da0efb8d2/uploads/images/d4a384d1a5cd16838790c15833434b00.jpeg,assets/world-anvil/nhimbaloth-portrait.jpeg
https://wa-cdn.nyc3.digitaloceanspaces.com/user-data/production/0f271434-58d2-4912-a9c9-8a5da0efb8d2/uploads/images/d4c79c88ca6132ee2d0bb312fe7ace2c.png,assets/world-anvil/screenshots/Session 55 - Endeavor to Persevere/session-55-endeavor-to-persevere-31.png
https://wa-cdn.nyc3.digitaloceanspaces.com/user-data/production/0f271434-58d2-4912-a9c9-8a5da0efb8d2/uploads/images/d58d762eef64207b42181bada3477de7.png,assets/world-anvil/screenshots/Session 11 - Explore Report Rule/session-11-explore-report-rule-01.png
https://wa-cdn.nyc3.digitaloceanspaces.com/user-data/production/0f271434-58d2-4912-a9c9-8a5da0efb8d2/uploads/images/d5b4995be19b365fc15a46f656ef333d.png,assets/world-anvil/screenshots/Session 55 - Endeavor to Persevere/session-55-endeavor-to-persevere-30.png
https://wa-cdn.nyc3.digitaloceanspaces.com/user-data/production/0f271434-58d2-4912-a9c9-8a5da0efb8d2/uploads/images/d8eccd62d3904e56fe86729ccf291e13.png,assets/world-anvil/screenshots/Session 61 - Breaking the Seal/session-61-breaking-the-seal-17.png
https://wa-cdn.nyc3.digitaloceanspaces.com/user-data/production/0f271434-58d2-4912-a9c9-8a5da0efb8d2/uploads/images/dd9b8fa4be7521599ee4c599a63c9556.png,assets/world-anvil/screenshots/Session 23 - Growth/session-23-growth-11.png
https://wa-cdn.nyc3.digitaloceanspaces.com/user-data/production/0f271434-58d2-4912-a9c9-8a5da0efb8d2/uploads/images/ddaa2be8b2a35a400c048b8af6de5b36.png,assets/world-anvil/screenshots/Session 60 - The Years Between/session-60-the-years-between-16.png
https://wa-cdn.nyc3.digitaloceanspaces.com/user-data/production/0f271434-58d2-4912-a9c9-8a5da0efb8d2/uploads/images/deb996a1923e7121705fb744d2849861.png,assets/world-anvil/session-6-seamus-leaps-onto-tuskgutter-sketch.png
https://wa-cdn.nyc3.digitaloceanspaces.com/user-data/production/0f271434-58d2-4912-a9c9-8a5da0efb8d2/uploads/images/dedb6ac91ca0729a3c561b2a84056ed5.png,assets/world-anvil/screenshots/Session 57 - Every Door Leads to the King/session-57-every-door-leads-to-the-king-34.png
https://wa-cdn.nyc3.digitaloceanspaces.com/user-data/production/0f271434-58d2-4912-a9c9-8a5da0efb8d2/uploads/images/dfc806597079d3d36861e9993f00c63c.png,assets/world-anvil/roc-s-omelette-portrait.png
https://wa-cdn.nyc3.digitaloceanspaces.com/user-data/production/0f271434-58d2-4912-a9c9-8a5da0efb8d2/uploads/images/e0aae757cc3b37ce7684431e2c0e4f6e.png,assets/world-anvil/nok-nok-hero-of-the-mite-warrens-and-governor-of-greengripe-falls-in-battle-image-01.png
https://wa-cdn.nyc3.digitaloceanspaces.com/user-data/production/0f271434-58d2-4912-a9c9-8a5da0efb8d2/uploads/images/e0b67bf1d4c043deac5f283dd937eb0c.png,assets/world-anvil/eobald-portrait.png
https://wa-cdn.nyc3.digitaloceanspaces.com/user-data/production/0f271434-58d2-4912-a9c9-8a5da0efb8d2/uploads/images/e197c79b5f9f2b2c3c2c5740a164b7c2.jpeg,assets/world-anvil/morlibints-dossier-otari-folklore-image-01.jpeg
https://wa-cdn.nyc3.digitaloceanspaces.com/user-data/production/0f271434-58d2-4912-a9c9-8a5da0efb8d2/uploads/images/e212bcd56536df0350f85a83fa88f9c1.png,assets/world-anvil/screenshots/Session 00 - Party Time/session-0-party-time-image-01.png
https://wa-cdn.nyc3.digitaloceanspaces.com/user-data/production/0f271434-58d2-4912-a9c9-8a5da0efb8d2/uploads/images/e25e61a03409f98b70bbb2bf5247e099.png,assets/world-anvil/printing-spell-cards-screenshot-2024-04-02-183148.png
https://wa-cdn.nyc3.digitaloceanspaces.com/user-data/production/0f271434-58d2-4912-a9c9-8a5da0efb8d2/uploads/images/e2970b768f2a12d494bf98a32d48fcfa.jpeg,assets/world-anvil/morlibints-dossier-on-the-prison-level-and-infernal-presence-image-01.jpeg
https://wa-cdn.nyc3.digitaloceanspaces.com/user-data/production/0f271434-58d2-4912-a9c9-8a5da0efb8d2/uploads/images/e79343f10d8ff987530b63286b16b28f.jpeg,assets/world-anvil/morlibints-dossier-servants-and-survivors-image-01.jpeg
https://wa-cdn.nyc3.digitaloceanspaces.com/user-data/production/0f271434-58d2-4912-a9c9-8a5da0efb8d2/uploads/images/e7e5a922cada11eaa8dd038be0f96325.png,assets/world-anvil/riverside-shrine-portrait.png
https://wa-cdn.nyc3.digitaloceanspaces.com/user-data/production/0f271434-58d2-4912-a9c9-8a5da0efb8d2/uploads/images/e8a0475fabb2b2683e6d8373f69bdfc9.webp,assets/world-anvil/pavetta-stroon-drelev-portrait.webp
https://wa-cdn.nyc3.digitaloceanspaces.com/user-data/production/0f271434-58d2-4912-a9c9-8a5da0efb8d2/uploads/images/e90d329c83264788e18305efde72296a.png,assets/world-anvil/the-stillness-beneath-whiterose-evindra.png
https://wa-cdn.nyc3.digitaloceanspaces.com/user-data/production/0f271434-58d2-4912-a9c9-8a5da0efb8d2/uploads/images/ea385e3d523b34bd9f55314305e124a1.png,assets/world-anvil/ministry-of-the-treasury-flag.png
https://wa-cdn.nyc3.digitaloceanspaces.com/user-data/production/0f271434-58d2-4912-a9c9-8a5da0efb8d2/uploads/images/ec60ecce90f66215f0569bca478d829c.png,assets/world-anvil/oleg-leveton-portrait.png
https://wa-cdn.nyc3.digitaloceanspaces.com/user-data/production/0f271434-58d2-4912-a9c9-8a5da0efb8d2/uploads/images/ed7390c017d8b8d5e4e90a54a411f371.webp,assets/world-anvil/cayden-cailean-portrait.webp
https://wa-cdn.nyc3.digitaloceanspaces.com/user-data/production/0f271434-58d2-4912-a9c9-8a5da0efb8d2/uploads/images/ee82cf8c9a0776c2e6b2d9174c49d1a7.png,assets/world-anvil/shared-cover-ee82cf8c9a07.png
https://wa-cdn.nyc3.digitaloceanspaces.com/user-data/production/0f271434-58d2-4912-a9c9-8a5da0efb8d2/uploads/images/ee8fa6dadd3c72dba43a00c472619d9e.png,assets/world-anvil/the-water-owed-him-one-arven-to-candlemere-wide-woodcut.png
https://wa-cdn.nyc3.digitaloceanspaces.com/user-data/production/0f271434-58d2-4912-a9c9-8a5da0efb8d2/uploads/images/eed1ba5d8b5f36cf2f2c7c0dc930ff80.jpeg,assets/world-anvil/second-chances-served-warm-image-01.jpeg
https://wa-cdn.nyc3.digitaloceanspaces.com/user-data/production/0f271434-58d2-4912-a9c9-8a5da0efb8d2/uploads/images/efb01fcf8f12f0d2d4f9a62f54823ae4.png,assets/world-anvil/the-waters-stand-image-01.png
https://wa-cdn.nyc3.digitaloceanspaces.com/user-data/production/0f271434-58d2-4912-a9c9-8a5da0efb8d2/uploads/images/efe64ce7acaf0e5a5cbc9cc47f93465b.png,assets/world-anvil/screenshots/Session 20 - The Beast/session-20-the-beast-18.png
https://wa-cdn.nyc3.digitaloceanspaces.com/user-data/production/0f271434-58d2-4912-a9c9-8a5da0efb8d2/uploads/images/f015a394c00cc2d0604d17e75c1c0a54.png,assets/world-anvil/screenshots/Session 15 - Anatomically Correct Barghest/session-15-anatomically-correct-barghest-10.png
https://wa-cdn.nyc3.digitaloceanspaces.com/user-data/production/0f271434-58d2-4912-a9c9-8a5da0efb8d2/uploads/images/f0cbb280082d442c5728bbb7eb9b4d2c.png,assets/world-anvil/the-charleton-file-charleton-file.png
https://wa-cdn.nyc3.digitaloceanspaces.com/user-data/production/0f271434-58d2-4912-a9c9-8a5da0efb8d2/uploads/images/f10c4268e6ef5e0cbf5c95a2826ce181.png,assets/world-anvil/screenshots/Session 04 - Noknok Arrives/session-04-noknok-arrives-image-01.png
https://wa-cdn.nyc3.digitaloceanspaces.com/user-data/production/0f271434-58d2-4912-a9c9-8a5da0efb8d2/uploads/images/f13c08a0e903cd7ee286e5be9cd76e4d.png,assets/world-anvil/screenshots/Session 59 - There Is No Reyoknar/session-59-there-is-no-reyoknar-35.png
https://wa-cdn.nyc3.digitaloceanspaces.com/user-data/production/0f271434-58d2-4912-a9c9-8a5da0efb8d2/uploads/images/f15d7f73ac3e77e5eb4890312405610a.png,assets/world-anvil/screenshots/Session 53 - Of Blessed Waters and Buried Devils/session-53-of-blessed-waters-and-buried-devils-25.png
https://wa-cdn.nyc3.digitaloceanspaces.com/user-data/production/0f271434-58d2-4912-a9c9-8a5da0efb8d2/uploads/images/f1992aef9a31e7a6250faf46a0dfedc6.webp,assets/world-anvil/imeckas-stroon-portrait.webp
https://wa-cdn.nyc3.digitaloceanspaces.com/user-data/production/0f271434-58d2-4912-a9c9-8a5da0efb8d2/uploads/images/f52b3e5a490dbb10b3aec917b62b9035.webp,assets/world-anvil/gozreh-portrait.webp
https://wa-cdn.nyc3.digitaloceanspaces.com/user-data/production/0f271434-58d2-4912-a9c9-8a5da0efb8d2/uploads/images/f69d8296c4936dbabf3369e6316df609.webp,assets/world-anvil/quintessa-maray-portrait.webp
https://wa-cdn.nyc3.digitaloceanspaces.com/user-data/production/0f271434-58d2-4912-a9c9-8a5da0efb8d2/uploads/images/f6f71be1b8240129ff0a43f7ae5dee64.png,assets/world-anvil/the-whispering-reeds-image-01.png
https://wa-cdn.nyc3.digitaloceanspaces.com/user-data/production/0f271434-58d2-4912-a9c9-8a5da0efb8d2/uploads/images/fb1757b8669f57056ce2489a0f7fd765.webp,assets/world-anvil/desna-portrait.webp
https://wa-cdn.nyc3.digitaloceanspaces.com/user-data/production/0f271434-58d2-4912-a9c9-8a5da0efb8d2/uploads/images/fbfb3496df73e26945a6df110160ced8.png,assets/world-anvil/screenshots/Session 39 - The Fall of Talon Peak/session-39-the-fall-of-talon-peak-37.png
https://wa-cdn.nyc3.digitaloceanspaces.com/user-data/production/0f271434-58d2-4912-a9c9-8a5da0efb8d2/uploads/images/fd0ceda4feac7b022193fba00f68d19d.jpeg,assets/world-anvil/basic-guide-to-attacks-of-opportunity-and-provoking-threaten.jpeg
https://www.worldanvil.com/uploads/images/0e21a1844d5f9cc6cb86f9024120b09d.jpg,assets/world-anvil/jamandi-aldori-portrait.jpg
https://www.worldanvil.com/uploads/images/1134ce34d28bd06f6cec4aa0ba56dc71.webp,assets/world-anvil/ekundayo-portrait.webp
https://www.worldanvil.com/uploads/images/3f851a7df1ab91bd2634b4a410050a6b.webp,assets/world-anvil/octavia-portrait.webp
https://www.worldanvil.com/uploads/images/48848b2ebc99709c8dddb930510bbaac.webp,assets/world-anvil/bokken-portrait.webp
https://www.worldanvil.com/uploads/images/4b96a7c6ca583c27d3cd591a9a195f8d.webp,assets/world-anvil/stag-lord-portrait.webp
https://www.worldanvil.com/uploads/images/4cea935af485e9037f6c92beb9b6e9b1.png,assets/world-anvil/ant-portrait.png
https://www.worldanvil.com/uploads/images/5e978e74bd7f013868a6aed7b3c2a66e.webp,assets/world-anvil/jhod-kavken-portrait.webp
https://www.worldanvil.com/uploads/images/92aafd7eee361ce76aa6a60ff6787390.webp,assets/world-anvil/jubilost-narthropple-portrait.webp
https://www.worldanvil.com/uploads/images/9cb1dfb0e43cb224a406ac09fdecbfcf.jpg,assets/world-anvil/jaethal-portrait.jpg
https://www.worldanvil.com/uploads/images/9e023fdb9727060ce6d57a4fdb918fd0.jpg,assets/world-anvil/ally-grainger-portrait.jpg
https://www.worldanvil.com/uploads/images/bd6f2b35fe43df12624f35374fc42ecc.jpg,assets/world-anvil/maegar-varn-portrait.jpg
https://www.worldanvil.com/uploads/images/c48e8f1528146e028e1f21137325f1f1.jpg,assets/world-anvil/harrim-portrait.jpg
https://www.worldanvil.com/uploads/images/e22199a564e7fa83e48ba7a09c9d0166.webp,assets/world-anvil/tartuk-portrait.webp
https://www.worldanvil.com/uploads/images/e8c3a3306b6d94b17a8d551482cf4779.webp,assets/world-anvil/kesten-garess-portrait.webp
https://www.worldanvil.com/uploads/images/eb980d3285abef38b5f05bdc72a11bb4.jpg,assets/world-anvil/tartuccio-portrait.jpg
https://www.worldanvil.com/uploads/images/f2b926a2b93e2c5f7a90257a340dd1e6.png,assets/world-anvil/mairi-portrait.png
https://www.worldanvil.com/uploads/images/f8d05457eaeb3a93f57a38e64fd39567.webp,assets/world-anvil/regongar-portrait.webp
