old_path,new_path,source,references,articles,markdown_titles
assets/world-anvil/00104d57851f362c9327404709179e13_5ab88ab75b.png,assets/world-anvil/session-12-kingdom-mysteries-01.png,markdown:title,1,Session 12: Kingdom Mysteries,Session 12-01.png
assets/world-anvil/0154154dffc4378a174a47d4e9e8ecbd_84d7e5f421.png,assets/world-anvil/printing-spell-cards-spellbook-2.png,markdown:title,1,Printing Spell Cards,spellbook 2.png
assets/world-anvil/017b1f0131facb4995ed48d0f25ad34f_799b65efda.png,assets/world-anvil/session-42-the-fire-beneath-drelev-34.png,markdown:title,1,Session 42: The Fire Beneath Drelev,Session 42-34.png
assets/world-anvil/04a123671342ecbec7e33c607eb209b5_6ac74a33ee.webp,assets/world-anvil/shelyn-holy-symbol.webp,markdown:title,1,Shelyn,Shelyn_holy_symbol.webp
assets/world-anvil/0571b28d77d3eca0a5bb6733f416220a_95801f5179.png,assets/world-anvil/session-48-finishing-the-job-for-hannis-44.png,markdown:title,1,Session 48: Finishing the Job for Hannis,Session 48-44.png
assets/world-anvil/074763e2cb5834eda66c1ce924969163_5b9efd4501.png,assets/world-anvil/session-25-the-hunt-begins-10.png,markdown:title,1,Session 25: The Hunt Begins,Session 25-10.png
assets/world-anvil/077e1f6c83c00d792d83f7f46053cf45_33dc89f6c4.png,assets/world-anvil/session-54-the-war-heats-up-18.png,markdown:title,1,Session 54: The War Heats Up,Session 54-18.png
assets/world-anvil/08c65e4e6eedeb1ff7d862dfb55c1196_90a29ec2c0.png,assets/world-anvil/session-60-the-years-between-19.png,markdown:title,1,Session 60: The Years Between,Session 60-19.png
assets/world-anvil/0b1bb905071cc6d66c027af65030944d_e90c140bf6.png,assets/world-anvil/session-02-go-west-young-heroes-image-01.png,markdown:article-index,1,"Session 02: Go West, Young Heroes!",exec-c2de7d33-e2ab-4a62-922f-78c6a9c5b4b3.png
assets/world-anvil/0cb271471216eb72bf64e59f9aeac865_b2b138e18f.png,assets/world-anvil/session-54-the-war-heats-up-21.png,markdown:title,1,Session 54: The War Heats Up,Session 54-21.png
assets/world-anvil/0d55d125ceb00d7bf7fe720803a54d2b_38beef12e0.png,assets/world-anvil/session-52-the-abbey-of-broken-bells-41.png,markdown:title,1,Session 52: The Abbey of Broken Bells,Session 52-41.png
assets/world-anvil/130f9acb815bd8cf5c858efef452f013_c83d3e4000.png,assets/world-anvil/session-58-tyrant-s-last-refuge-16.png,markdown:title,1,Session 58: Tyrant''s Last Refuge,Session 58-16.png
assets/world-anvil/13d2d9820e126586694e4f2eed29808f_f663afc0f8.jpeg,assets/world-anvil/morlibints-dossier-on-the-so-called-cult-of-the-canker-image-01.jpeg,markdown:article-index,1,Morlibint’s Dossier: On the So-Called Cult of the Canker,6bb01d31-150f-438c-974c-3fa81ba15ccd-md.jpg
assets/world-anvil/157729f4159eb43e6fd0ce483b5743a2_07ebba72b2.png,assets/world-anvil/when-the-shadows-breathe-out-dorianna.png,markdown:title,1,When the Shadows Breathe Out,Dorianna
assets/world-anvil/15ad88d4ac49d871dbbd6ff9c938b0b5_953a65a3c3.webp,assets/world-anvil/abadar-religious-symbol.webp,markdown:title,1,Abadar,200px-Abadar_religious_symbol.webp
assets/world-anvil/17010c9f00100dbf66ea3ba8c6a05566_55b9e09e84.png,assets/world-anvil/session-51-storms-on-the-western-horizon-22.png,markdown:title,1,Session 51: Storms on the Western Horizon,Session 51-22.png
assets/world-anvil/1851a533ca5672bd7712316e2640e660_03669d6ef9.webp,assets/world-anvil/let-s-see-what-happens-image-01.webp,markdown:article-index,1,Let's See What Happens,raw.webp
assets/world-anvil/191546c276a02f1548c9771676a0750f_ae8fc88e2f.png,assets/world-anvil/session-50-silver-overall-steel-at-the-border-image-01.png,markdown:article-index,1,"Session 50: Silver Overall, Steel at the Border",6a2a080a-fb1e-4005-b653-52c218ffe484.png
assets/world-anvil/1a60fbb84820984fa3e1c9db9f33b65b_e8dcaf8c15.png,assets/world-anvil/session-59-there-is-no-reyoknar-36.png,markdown:title,1,Session 59: There Is No Reyoknar,Session 59-36.png
assets/world-anvil/1addf3f2c5c270791340fa2a7a97529a_4e4941a4b3.webp,assets/world-anvil/brevoy-map-of-brevoy-and-its-neighbors-jpg.webp,markdown:title,1,Brevoy,350px-Map_of_Brevoy_and_its_neighbors.jpg.webp
assets/world-anvil/1c8bd547b6a573d73fcfefbcdec3866e_dfef47c7e4.png,assets/world-anvil/morlibint-s-dossier-closing-remarks-image-01.png,markdown:article-index,1,Morlibint''s Dossier: Closing Remarks,28a685ac-b94c-49e5-bf0b-57c4177125ba.png
assets/world-anvil/1ed16a53ffeb876a8cd490e838e1a826_197b7104d2.jpeg,assets/world-anvil/morlibeint-s-dossier-on-sources-and-reliability-image-01.jpeg,markdown:article-index,1,Morlibeint''s Dossier: On Sources and Reliability,1b628238-832f-4c01-905d-6feb6934e511-md.jpg
assets/world-anvil/1edceade3049b3349cdd14177b026bc6_e59ad89c13.webp,assets/world-anvil/erastil-holy-symbol-jpg.webp,markdown:title,1,Erastil,250px-Erastil_holy_symbol.jpg.webp
assets/world-anvil/1ee28a851b78cfcaeba8532f3b1a0d8c_9e9b8f55fe.png,assets/world-anvil/pitaxian-allies-crush-republican-advance-image-01.png,markdown:article-index,1,Pitaxian Allies Crush Republican Advance,89401f82-9d88-4f62-a257-701eaf352eec.png
assets/world-anvil/1fe54e9021219093dbc48807ffeee069_b371b09e32.png,assets/world-anvil/session-41-the-seige-of-tatzlford-11.png,markdown:title,1,Session 41: The Seige of Tatzlford,Session 41-11.png
assets/world-anvil/206309995522115fbf9d97bea0dd9dfa_bdc66d6ca6.jpeg,assets/world-anvil/morlibint-s-dossier-the-whispering-caverns-image-01.jpeg,markdown:article-index,1,Morlibint''s Dossier: The Whispering Caverns,e3bbc16e-bb91-48d7-ad68-3564891be68c-md.jpg
assets/world-anvil/20907c2d284fa4e786894086027e7b9d_eb49db3e05.png,assets/world-anvil/session-40-back-into-the-slough-24.png,markdown:title,1,Session 40: Back into the Slough,Session 40-24.png
assets/world-anvil/23ed4cfbec714bcbe86623410964c2df_cc8a1f2a78.png,assets/world-anvil/morlibint-s-dossier-the-children-of-belcorra-image-01.png,markdown:article-index,1,Morlibint''s Dossier: The Children of Belcorra,684db475-06fd-430c-94d8-467335c346cd.png
assets/world-anvil/240025586799917e8ccca910d0899a98_8b377047e8.png,assets/world-anvil/session-60-the-years-between-crazy-akbar.png,markdown:title,1,Session 60: The Years Between,Crazy Akbar.png
assets/world-anvil/25cb80908709a381ebabf8102059fa05_0624ea29ad.png,assets/world-anvil/session-50-silver-overall-steel-at-the-border-13.png,markdown:title,1,"Session 50: Silver Overall, Steel at the Border",Session 50-13.png
assets/world-anvil/283c8bfbb178db113b52d95814a94a29_ebefafa7a6.png,assets/world-anvil/9th-life-fleshwarp-talia-final.png,markdown:title,1,9th Life,fleshwarp talia final.png
assets/world-anvil/2892dd7e907278758d0bbaf7e653056c_1a3d40a391.png,assets/world-anvil/2892dd7e907278758d0bbaf7e653056c_1a3d40a391.png,unchanged-no-metadata,0,,
assets/world-anvil/291992d0597b4e68203549e2a046450e_4cdcb8d5f5.png,assets/world-anvil/nightmares-in-the-mayor-s-manor-image-01.png,markdown:article-index,1,Nightmares in the Mayor's Manor,1000007236.png
assets/world-anvil/2b56d8e3de48d4858956d717d25477b3_eb2c5a2b8a.png,assets/world-anvil/amiri-s-sword-image-01.png,markdown:article-index,1,Amiri's Sword,a4025c83-4919-4987-9bad-2bd129489770.png
assets/world-anvil/2b6d5d92e5e97e4744b0749f41ef32bd_40f3bc28df.jpeg,assets/world-anvil/morlibints-dossier-on-the-training-grounds-image-01.jpeg,markdown:article-index,1,Morlibint’s Dossier: On the Training Grounds,0b4ee4a5-bea7-4afd-ae21-b3b65e55560d-md.jpg
assets/world-anvil/2bf78ff101ce605407459f4481b22ea2_b43eb45d96.png,assets/world-anvil/session-57-every-door-leads-to-the-king-35.png,markdown:title,1,Session 57: Every Door Leads to the King,Session 57-35.png
assets/world-anvil/2d3428132c22789f843e63520836a791_7cf1a970e6.png,assets/world-anvil/session-48-finishing-the-job-for-hannis-45.png,markdown:title,1,Session 48: Finishing the Job for Hannis,Session 48-45.png
assets/world-anvil/2d37910600297c84a1e3ca755db1bfe0_a8d62bd607.png,assets/world-anvil/session-14-love-hurts-10.png,markdown:title,1,Session 14: Love Hurts,Session 14-10.png
assets/world-anvil/2e10e8376eeb566bf771a13a33007b93_d8e8095535.png,assets/world-anvil/session-03-big-trouble-at-little-oleg-s-image-01.png,markdown:article-index,1,Session 03: Big Trouble at Little Oleg''s,exec-f937110d-a2df-4577-a96e-fc0c879f1093.png
assets/world-anvil/2fc60b07da7c36a7c6214763b232697e_2d85f5a03c.png,assets/world-anvil/session-52-the-abbey-of-broken-bells-45.png,markdown:title,1,Session 52: The Abbey of Broken Bells,Session 52-45.png
assets/world-anvil/301b48a54cdf712766d4987d1ffa1668_5ea37415d8.png,assets/world-anvil/ministry-of-justice-flag.png,manifest:flag,0,,
assets/world-anvil/304b7c2aef8059f922ce563076cfb090_7047aad4d2.png,assets/world-anvil/session-53-of-blessed-waters-and-buried-devils-28.png,markdown:title,1,Session 53: Of Blessed Waters and Buried Devils,Session 53-28.png
assets/world-anvil/309780765d4c9514849be332d170bbdb_f8e81571ef.png,assets/world-anvil/the-last-guardian-tall-v2.png,markdown:title,1,The Last Guardian,The Last Guardian - Tall v2.png
assets/world-anvil/32547ec91c7ab508e6c760415605876d_36cad35793.png,assets/world-anvil/where-law-cannot-follow-image-01.png,markdown:article-index,1,Where Law Cannot Follow,698c644f-7b7b-4d49-9ada-acfa668dfb7b.png
assets/world-anvil/32bc6ac54e32d3528af1011bd70d11a8_6f051c4821.png,assets/world-anvil/session-19-the-kobolds-the-iruxi-and-the-trolls-17.png,markdown:title,1,"Session 19: The Kobolds, the Iruxi, and the Trolls",Session 19-17.png
assets/world-anvil/32beab6103324b1b1134117efc07513e_3804cd9081.png,assets/world-anvil/session-48-finishing-the-job-for-hannis-43.png,markdown:title,1,Session 48: Finishing the Job for Hannis,Session 48-43.png
assets/world-anvil/32e37548cdf518437ed78dfc40b291e4_574945e38c.png,assets/world-anvil/session-05-finishing-the-old-sycamore-image-01.png,markdown:article-index,1,Session 05: Finishing the Old Sycamore,exec-450a4ebe-7177-4480-aa19-d8d0bacc14d8.png
assets/world-anvil/32ecc83d122d3ebd63548df49354d797_b5d6d7114f.png,assets/world-anvil/session-16-death-to-all-who-oppose-us-10.png,markdown:title,1,Session 16: Death to All Who Oppose Us!,Session 16-10.png
assets/world-anvil/340c29d320d3f1bdcf27be2f381cb325_ad0486624a.png,assets/world-anvil/session-36-vordakai-s-end-17.png,markdown:title,1,Session 36: Vordakai''s End,Session 36-17.png
assets/world-anvil/347ee96b605c1c613bdbb9cc002b941d_4589be5cf0.png,assets/world-anvil/ministry-of-intelligence-flag.png,manifest:flag,0,,
assets/world-anvil/355d9528e13bbaa32be51feee9c28985_095bf0e286.png,assets/world-anvil/session-61-breaking-the-seal-14.png,markdown:title,1,Session 61: Breaking the Seal,Session 61-14.png
assets/world-anvil/35c0bf90fb72993e57e1b0d51d5607f2_193f0dc519.png,assets/world-anvil/hanspur-s-chosen-image-01.png,markdown:article-index,1,Hanspur's Chosen,db9b00c6-b5e1-4964-95f7-7aa2f4331c71.png
assets/world-anvil/35c220c80cf3036c9a73b91c201efd3b_e81db25b2e.png,assets/world-anvil/session-60-the-years-between-18.png,markdown:title,1,Session 60: The Years Between,Session 60-18.png
assets/world-anvil/36ff5c303d0f1f63be8892f02ca9fd72_79031e26e5.webp,assets/world-anvil/gorum-symbol-png.webp,markdown:title,1,Gorum,250px-Gorum_symbol.png.webp
assets/world-anvil/386fefbad71318add38b3053ca342896_24727e2ed2.png,assets/world-anvil/the-quiet-after-battle-image-01.png,markdown:article-index,1,The Quiet After Battle,a0611b3b-259e-4cb1-ad58-45bfb2d45c19.png
assets/world-anvil/3887fe855db73ffad6cf8c77bacbcead_ab112ce970.jpeg,assets/world-anvil/basic-guide-to-attacks-of-opportunity-and-provoking-reach.jpeg,markdown:title,1,Basic Guide to Attacks of Opportunity and Provoking,reach.jpg
assets/world-anvil/3a254dd9e42fe774db57ce24d80a45d5_ff4978a97f.jpeg,assets/world-anvil/morlibints-dossier-the-haruvex-lineage-image-01.jpeg,markdown:article-index,1,Morlibint’s Dossier: The Haruvex Lineage,d15839c0-ce75-4a1c-937d-9160d5336491-md.jpg
assets/world-anvil/3b81833849b301716029b0e392b09e44_14c48c5faf.png,assets/world-anvil/session-49-the-rushlight-begins-23.png,markdown:title,1,Session 49: The Rushlight Begins,Session 49-23.png
assets/world-anvil/3d6ed1d7c948e10d7f0ecb766a13a054_5cbc525c0a.jpeg,assets/world-anvil/morlibints-dossier-final-assessment-image-01.jpeg,markdown:article-index,1,Morlibint’s Dossier: Final Assessment,1603be76-616f-4e0b-9eac-ff94a37c98af-md.jpg
assets/world-anvil/3e61d1be552b655a7b89c687b9a3b995_e43f1a6425.png,assets/world-anvil/session-13-the-depths-of-candlemere-island-23.png,markdown:title,1,Session 13: The Depths of Candlemere Island,Session 13-23.png
assets/world-anvil/3eba4751939f3b654711f6294a723748_1068c19040.webp,assets/world-anvil/torag-holy-symbol-jpg.webp,markdown:title,1,Torag,250px-Torag_holy_symbol.jpg.webp
assets/world-anvil/3fc9a8823312346ab9756668b945803f_b5fa5adf5d.png,assets/world-anvil/oculus-of-abaddon.png,markdown:title,1,Oculus of Abaddon,Oculus of Abaddon.png
assets/world-anvil/405b6a0dddc6041f09c4d1c857b06274_3be18fface.webp,assets/world-anvil/sootscale-kobolds-tartuk.webp,markdown:title,1,Sootscale Kobolds,Tartuk
assets/world-anvil/40a1be69850fde4074d9a2473b2f97cc_ebedf2d27f.png,assets/world-anvil/session-51-storms-on-the-western-horizon-24.png,markdown:title,1,Session 51: Storms on the Western Horizon,Session 51-24.png
assets/world-anvil/4228ee29d4faf2652d94503a47d83665_ff1af80e02.png,assets/world-anvil/session-35-into-vordakai-s-tomb-17.png,markdown:title,1,Session 35: Into Vordakai''s Tomb,Session 35-17.png
assets/world-anvil/44131bcf88cb1645e651d10bdfdbc293_468a759f22.png,assets/world-anvil/session-46-the-cleansing-lie-32.png,markdown:title,1,Session 46: The Cleansing Lie,Session 46-32.png
assets/world-anvil/4487b7bc1966d6c5099f61b25cea3b98_8ee3f6f75e.png,assets/world-anvil/the-day-she-stood-still-image-01.png,markdown:article-index,1,The Day She Stood Still,292e478e-b424-4ea6-a8a6-f040ee724fc1.png
assets/world-anvil/45275d2b7c64f21ac265bfb02fd0ab5e_06878c3b4c.jpeg,assets/world-anvil/morlibints-dossier-wisps-fog-and-dreams-image-01.jpeg,markdown:article-index,1,"Morlibint’s Dossier: Wisps, Fog, and Dreams",041e702a-b811-4cae-a848-40e5f04d5e1e-md.jpg
assets/world-anvil/4551868c36b414b7cb544b4f48562bcb_46a32a1a2d.png,assets/world-anvil/session-49-the-rushlight-begins-image-03.png,markdown:article-index,1,Session 49: The Rushlight Begins,d1eacf89-6b7f-475e-a12c-c6a27b53d102.png
assets/world-anvil/4613b1fc1f1b9f0f8a73c530faff54a0_d48f97fb41.png,assets/world-anvil/session-56-pitax-awakens-09.png,markdown:title,1,Session 56: Pitax Awakens,Session 56-09.png
assets/world-anvil/4685d28330d92ce4c32df0f722fb6d19_ab063ebbec.png,assets/world-anvil/the-lantern-and-ledger-printing-press.png,markdown:title,1,The Lantern and Ledger,Printing Press.png
assets/world-anvil/46f218b4a8645c6a14ab4fc229621cd2_ca46237889.png,assets/world-anvil/morlibint-s-dossier-the-whispering-reeds-image-01.png,markdown:article-index,1,Morlibint''s Dossier: The Whispering Reeds,86f85887-61a4-4860-a7da-7708ec365911.png
assets/world-anvil/4712f435603906e31d74b919f8761f85_3b275cb4fc.png,assets/world-anvil/session-57-every-door-leads-to-the-king-36.png,markdown:title,1,Session 57: Every Door Leads to the King,Session 57-36.png
assets/world-anvil/474f1698c6b5ac74a7bc06f22eb73735_ef573d6ad4.png,assets/world-anvil/ministry-of-defense-flag.png,manifest:flag,0,,
assets/world-anvil/4784cbcca8e56e659c360d06ecb0e08f_372dbbe121.png,assets/world-anvil/session-55-endeavor-to-persevere-29.png,markdown:title,1,Session 55: Endeavor to Persevere,Session 55-29.png
assets/world-anvil/47fc7dee15fd2c2819eab5283382bccf_fe74619156.png,assets/world-anvil/session-58-tyrant-s-last-refuge-19.png,markdown:title,1,Session 58: Tyrant''s Last Refuge,Session 58-19.png
assets/world-anvil/48bff97b800f0d364c808910b7409ed8_f11e2b8ba1.png,assets/world-anvil/session-55-endeavor-to-persevere-28.png,markdown:title,1,Session 55: Endeavor to Persevere,Session 55-28.png
assets/world-anvil/49bdb058ad78d5c758bb3b7c5dfec2ba_2e5fe10519.png,assets/world-anvil/the-stone-rat-stone-rat.png,markdown:title,1,The Stone Rat,Stone Rat
assets/world-anvil/49fc397be2fc10f823f5a3d4c2578683_d0f2c49ab5.png,assets/world-anvil/session-58-tyrant-s-last-refuge-17.png,markdown:title,1,Session 58: Tyrant''s Last Refuge,Session 58-17.png
assets/world-anvil/4a7eea0d1706f3df36702b456699067d_bbf8262230.webp,assets/world-anvil/gozreh-holy-symbol-jpg.webp,markdown:title,1,Gozreh,208px-Gozreh_holy_symbol.jpg.webp
assets/world-anvil/4b52306886aaa16078af483fa158fb13_3db00c8d53.png,assets/world-anvil/session-7-13.png,markdown:title,1,Session 07: Stag Lord or Bust!!!,Session 7-13.png
assets/world-anvil/4f52fcdc0dc0b192eb919baeffed8ca0_ceec656cf6.png,assets/world-anvil/session-32-blockhouse-assault-29.png,markdown:title,1,Session 32: Blockhouse Assault,Session 32-29.png
assets/world-anvil/5311c838b7b3d27f717c3e5ae47cf6d5_3453dd7d4c.png,assets/world-anvil/session-49-the-rushlight-begins-image-02.png,markdown:article-index,1,Session 49: The Rushlight Begins,ba742af4-3384-4789-a19e-9f2d0634e133.png
assets/world-anvil/54a1a1589c7ea1624b5ecd879481c388_52d99d48cd.png,assets/world-anvil/session-48-finishing-the-job-for-hannis-47.png,markdown:title,1,Session 48: Finishing the Job for Hannis,Session 48-47.png
assets/world-anvil/5a5b1ef3ce29b8f154302cd703be6c50_8e37163fd7.png,assets/world-anvil/session-56-pitax-awakens-11.png,markdown:title,1,Session 56: Pitax Awakens,Session 56-11.png
assets/world-anvil/5a9a318399e89422cf3573f1a7bc8b96_39b702ef76.png,assets/world-anvil/shared-session-49-24.png,markdown:shared-title-2,2,"Session 49: The Rushlight Begins; Session 50: Silver Overall, Steel at the Border",Session 49-24.png
assets/world-anvil/5efdf6d3c7b95401fcf634e8ffa3d8db_3f09090935.png,assets/world-anvil/session-53-of-blessed-waters-and-buried-devils-29.png,markdown:title,1,Session 53: Of Blessed Waters and Buried Devils,Session 53-29.png
assets/world-anvil/5f3b57fb269c704fc920a08711f101fc_39c2fcf3d5.png,assets/world-anvil/session-30-valerie-s-victory-11.png,markdown:title,1,Session 30: Valerie''s Victory,Session 30-11.png
assets/world-anvil/5f7e692fc658150c2eb1b16cb1ab37ee_1c6b615087.png,assets/world-anvil/session-55-endeavor-to-persevere-27.png,markdown:title,1,Session 55: Endeavor to Persevere,Session 55-27.png
assets/world-anvil/61c12d08eeafc7bb02c2c223534a6450_90db439697.png,assets/world-anvil/gauntlight.png,markdown:title,1,Gauntlight,Gauntlight.png
assets/world-anvil/626434fab079d9c16889e39373b8821e_86bdb3dce0.png,assets/world-anvil/the-only-one-listening-image-01.png,markdown:article-index,1,The Only One Listening,d80f9e09-ae89-477f-90fb-dcbcf01ac886.png
assets/world-anvil/62e1bda97f5ae4e358eccfccabde2458_ee5876f191.png,assets/world-anvil/session-60-the-years-between-17.png,markdown:title,1,Session 60: The Years Between,Session 60-17.png
assets/world-anvil/648aee732b20554bd1cfbc942277f197_cb730094fb.jpeg,assets/world-anvil/field-notes-from-the-lower-vaults-unscheduled-activity-chasm-watch-third-image-01.jpeg,markdown:article-index,1,"Field Notes from the Lower Vaults · Unscheduled Activity · Chasm Watch, Third",667543d5-3f9b-41b6-871f-399f8e1ed95f-md.jpg
assets/world-anvil/65f2a61cd8b057a3521645ffa16df6a4_f11badfa8a.jpeg,assets/world-anvil/morlibint-s-dossier-the-cult-of-urthagul-image-01.jpeg,markdown:article-index,1,Morlibint''s Dossier: The Cult of Urthagul,0302a647-c2b4-42f5-8191-cda59b1700cb-md.jpg
assets/world-anvil/67939f6a681f076f172ea6d4798db4b9_c281df0548.png,assets/world-anvil/session-51-storms-on-the-western-horizon-20.png,markdown:title,1,Session 51: Storms on the Western Horizon,Session 51-20.png
assets/world-anvil/68df745b60a108a5c9d5e938615973aa_9a92ae4212.webp,assets/world-anvil/let-s-see-what-happens-image-02.webp,markdown:article-index,1,Let's See What Happens,raw.webp
assets/world-anvil/699bf5476a3b8e8c7cce03b0a5048fe0_263d9b60d3.jpeg,assets/world-anvil/the-king-comes-to-thumpington-image-01.jpeg,markdown:article-index,1,The King Comes to Thumpington,bfd73c36-843e-420b-bfd1-b5dbeaeace9f-md.jpg
assets/world-anvil/6a14979ad9626553638c94351608b78b_8f5376d5fa.png,assets/world-anvil/the-flickering-flame-image-01.png,markdown:article-index,1,The Flickering Flame,1000006983.png
assets/world-anvil/6c23506f1012bf55c14f0ac9913ff5c8_2aca6d3d18.webp,assets/world-anvil/to-live-or-die-image-02.webp,markdown:article-index,1,To Live or Die,raw.webp
assets/world-anvil/6d9a0c951aa205e33d685ab27fe72bb3_a5b366c778.png,assets/world-anvil/session-61-breaking-the-seal-13.png,markdown:title,1,Session 61: Breaking the Seal,Session 61-13.png
assets/world-anvil/6f3e4dc6cfd0b5b2ad8bae1c55554117_3677950506.webp,assets/world-anvil/desna-holy-symbol-2-jpg.webp,markdown:title,1,Desna,250px-Desna_holy_symbol_2.jpg.webp
assets/world-anvil/6fa6678a44f4a950bfcf7c2f8e89fe4b_032444d95a.png,assets/world-anvil/session-26-the-bloom-07.png,markdown:title,1,Session 26: The Bloom,Session 26-07.png
assets/world-anvil/70117344202ddf851052ce7563bf00a8_86db89da74.png,assets/world-anvil/session-27-the-inconsequent-debates-15.png,markdown:title,1,Session 27: The Inconsequent Debates,Session 27-15.png
assets/world-anvil/702974f1c6dcb1e77541d6e32722c91d_b1083857b8.png,assets/world-anvil/the-last-guardian-korog-before-the-seal-wide.png,markdown:title,1,The Last Guardian,Korog Before the Seal - Wide.png
assets/world-anvil/71974bb007ec98985c7dcaccec06f959_d8ea73c1b0.png,assets/world-anvil/session-02-go-west-young-heroes-image-02.png,markdown:article-index,1,"Session 02: Go West, Young Heroes!",exec-950cc50e-84c2-45cd-bf7b-c26d69a08a44.png
assets/world-anvil/7b475718508102e44e805fb70d508f4c_512cd7ab4e.png,assets/world-anvil/session-49-the-rushlight-begins-image-01.png,markdown:article-index,1,Session 49: The Rushlight Begins,4e94c313-abb1-4507-81ce-92511f0cd4ad.png
assets/world-anvil/7b7f8163e95cffaa212778525ae5ceb5_fceea7823e.png,assets/world-anvil/session-9-10.png,markdown:title,1,Session 09: Founding Day Part 2: The Refoundening,Session 9-10.png
assets/world-anvil/7bb875b346cacecc281c71ff4a742507_5881b424a9.png,assets/world-anvil/session-54-the-war-heats-up-20.png,markdown:title,1,Session 54: The War Heats Up,Session 54-20.png
assets/world-anvil/7d7bb97764cd17f12df1213d7bb2795b_9b6574fbe1.png,assets/world-anvil/free-university-of-thumping-waters-flag.png,manifest:flag,0,,
assets/world-anvil/7d7fc340331a51f137baa9f3a5b269e8_11607e5c01.png,assets/world-anvil/the-town-irovetti-fed-to-monsters-littletown-4.png,markdown:title,1,The Town Irovetti Fed to Monsters,Littletown 4.png
assets/world-anvil/7dbfd7ad94626b1101fa6b1ea07d5d61_be270c45a4.png,assets/world-anvil/session-28-source-of-the-bloom-20.png,markdown:title,1,Session 28: Source of the Bloom,Session 28-20.png
assets/world-anvil/7ed0919ea1a34317cdf59a4e9a1f30d7_34b5a2ff4d.webp,assets/world-anvil/groetus-holy-symbol-jpg.webp,markdown:title,1,Groetus,250px-Groetus_holy_symbol.jpg.webp
assets/world-anvil/8162a87832e32cf030d4fe2bafae736d_9422ca412e.png,assets/world-anvil/session-52-the-abbey-of-broken-bells-42.png,markdown:title,1,Session 52: The Abbey of Broken Bells,Session 52-42.png
assets/world-anvil/817389786177dc328bae6372af8f754a_a7212c0c0d.png,assets/world-anvil/ministry-of-the-interior-flag.png,manifest:flag,0,,
assets/world-anvil/8419afdfd667aca3ca38659037fa77a7_8cabbd473b.webp,assets/world-anvil/pharasma-religious-symbol.webp,markdown:title,1,Pharasma,250px-Pharasma_religious_symbol.webp
assets/world-anvil/854d75f9d22a1e758779093f86c38761_385f895cee.png,assets/world-anvil/session-34-into-the-valley-of-death-11.png,markdown:title,1,Session 34: Into the Valley of Death,Session 34-11.png
assets/world-anvil/85d4d3525a24f891f49cd8f4140289ed_e2a1abaa02.png,assets/world-anvil/ministry-of-communication-flag.png,manifest:flag,0,,
assets/world-anvil/87ae80230cd683045654a73d899925dc_a140da7de9.png,assets/world-anvil/session-56-pitax-awakens-10.png,markdown:title,1,Session 56: Pitax Awakens,Session 56-10.png
assets/world-anvil/87d527c1d721c0cd9b19ea3812c3f0dd_f12eafa385.webp,assets/world-anvil/cayden-cailean-holy-symbol-jpg.webp,markdown:title,1,Cayden Cailean,250px-Cayden_Cailean_holy_symbol.jpg.webp
assets/world-anvil/898ce57de246d55fa0eddf0eedd675a1_4e93b2be08.png,assets/world-anvil/session-45-armag-s-tomb-raiders-57.png,markdown:title,1,Session 45: Armag''s Tomb Raiders,Session 45-57.png
assets/world-anvil/8a0e089aba8614004fa775cb985a7855_2219f85840.png,assets/world-anvil/session-56-pitax-awakens-13.png,markdown:title,1,Session 56: Pitax Awakens,Session 56-13.png
assets/world-anvil/8b65288d0359658db5a53dee04795a21_f6d155c0b0.png,assets/world-anvil/printing-spell-cards-spellbook-1.png,markdown:title,1,Printing Spell Cards,spellbook 1.png
assets/world-anvil/8d02f12014a303dd13021b2441067246_15512d12e0.png,assets/world-anvil/session-57-every-door-leads-to-the-king-37.png,markdown:title,1,Session 57: Every Door Leads to the King,Session 57-37.png
assets/world-anvil/8e7157f8f263ef1e9975eac34aed55fa_bf8dcd19f1.jpeg,assets/world-anvil/morlibints-dossier-on-wrin-sivinxi-and-the-question-of-lenses-image-01.jpeg,markdown:article-index,1,Morlibint’s Dossier: On Wrin Sivinxi and the Question of Lenses,4967e748-d63b-4587-8d13-92f5530c25d0-md.jpg
assets/world-anvil/8f10c7e1a3b33ab661d625c526a5d8a5_28e0ad1248.png,assets/world-anvil/session-52-the-abbey-of-broken-bells-40.png,markdown:title,1,Session 52: The Abbey of Broken Bells,Session 52-40.png
assets/world-anvil/902225e131d315028458b5e6af449bbe_96fd134e3d.png,assets/world-anvil/morlibint-s-dossier-the-farm-redux-image-01.png,markdown:article-index,1,Morlibint''s Dossier: The Farm Redux,4dd23113-26c0-4cc2-8500-a13b3616bbbd.png
assets/world-anvil/92d022b693287e9840ed4df955f26a6e_9ff404767a.png,assets/world-anvil/no-way-to-get-ahead-scared-theron-2.png,markdown:title,1,No Way to Get Ahead,Scared Theron 2.png
assets/world-anvil/93dd65d34fc989df82d09cdb7c25dd73_f6fe135e81.png,assets/world-anvil/morlibints-dossier-nhimbaloth-the-empty-death-image-01.png,markdown:article-index,1,"Morlibint’s Dossier: Nhimbaloth, the Empty Death",e841e74d-27a4-464c-bd2a-73e7d3f4c899.png
assets/world-anvil/94f4fa77e36b009ed9eb851304138689_1734659793.jpeg,assets/world-anvil/morlibints-dossier-the-roseguard-image-01.jpeg,markdown:article-index,1,Morlibint’s Dossier: The Roseguard,61c5adda-ae86-4a83-b5f9-477488627627-md.jpg
assets/world-anvil/9662a50950f1e964a37baf536d0ebb42_827fb534f9.png,assets/world-anvil/session-01-a-time-to-kill-image-01.png,markdown:article-index,1,Session 01: A Time to Kill,exec-07fe69ba-dbb6-4518-bf5b-4c57f4a64c9c.png
assets/world-anvil/9682788d28f274333e93ff53e15fa7d6_b538cef8f1.png,assets/world-anvil/chafkhems-warning-image-01.png,markdown:article-index,1,Chafkhem’s Warning,1000007235.png
assets/world-anvil/977c5fe0e40f81dc02a00279cc7bba05_a65066b755.png,assets/world-anvil/session-38-the-fall-of-m-botuu-29.png,markdown:title,1,Session 38: The Fall of M''botuu,Session 38-29.png
assets/world-anvil/98cef7fa1953a8690ae88b89248e0f98_1e0310c679.png,assets/world-anvil/session-52-the-abbey-of-broken-bells-44.png,markdown:title,1,Session 52: The Abbey of Broken Bells,Session 52-44.png
assets/world-anvil/991016ddf4cda39862dc3a643bfed75e_add5dedbcd.png,assets/world-anvil/morlibint-s-dossier-the-farm-image-01.png,markdown:article-index,1,Morlibint''s Dossier: The Farm,76d7d995-b974-4c74-887a-0d5ffbfa3393.png
assets/world-anvil/9a830b678b0f8328e6c20a41d7af54c9_2ed6298a01.png,assets/world-anvil/older-than-last-year-image-01.png,markdown:article-index,1,Older than Last Year,1000007539.png
assets/world-anvil/9c72b3b23aaf38ce2b0bf8621f14c8ad_d0beee36f3.png,assets/world-anvil/session-51-storms-on-the-western-horizon-21.png,markdown:title,1,Session 51: Storms on the Western Horizon,Session 51-21.png
assets/world-anvil/9e8621722a3de5d94c18e4d4ac998bce_53e72a4b83.png,assets/world-anvil/session-51-storms-on-the-western-horizon-19.png,markdown:title,1,Session 51: Storms on the Western Horizon,Session 51-19.png
assets/world-anvil/9eaadf6f32168ac7a65b8db90ae8c0d5_45158e74f5.jpeg,assets/world-anvil/morlibints-dossier-on-the-fleshwarping-laboratories-image-01.jpeg,markdown:article-index,1,Morlibint’s Dossier: On the Fleshwarping Laboratories,1e92cbe2-26ee-4a1e-89f9-4e5e787a378c-md.jpg
assets/world-anvil/9ec401be4b3c71515cecee659cfe7c7f_ac00bca432.png,assets/world-anvil/grigori-s-fate-image-01.png,markdown:article-index,1,Grigori's Fate,71e27f6f-6c12-4303-b959-62646523f174.png
assets/world-anvil/a1ec4dd7e35866dd7296a0753c19c267_31e8a36746.png,assets/world-anvil/session-48-finishing-the-job-for-hannis-46.png,markdown:title,1,Session 48: Finishing the Job for Hannis,Session 48-46.png
assets/world-anvil/a6f4c03d2faf2e081775c599067669f6_80ffa777ac.webp,assets/world-anvil/surprise-party-image-01.webp,markdown:article-index,1,Surprise Party,raw.webp
assets/world-anvil/a778edef07d4d10dae8b1e80e1d6b953_ebd62c955f.png,assets/world-anvil/session-33-blockhouse-assault-cracking-the-fortress-15.png,markdown:title,1,Session 33: Blockhouse Assault - Cracking the Fortress,Session 33-15.png
assets/world-anvil/a83fc30634cfea08970c772fa8db9013_b2037a2fe1.png,assets/world-anvil/session-21-rebuilding-10.png,markdown:title,1,Session 21: Rebuilding,Session 21-10.png
assets/world-anvil/abadar-portrait.webp,assets/world-anvil/abadar-portrait.webp,manifest:portrait,1,Abadar,
assets/world-anvil/ad13c28e5fa71a9be67a048d94df65b6_90f5f479c8.png,assets/world-anvil/otari-sleeps-uneasily-image-01.png,markdown:article-index,1,Otari Sleeps Uneasily,68c80688-7c98-49ae-9c2a-9eb49a8eae95.png
assets/world-anvil/ad83b2629bee835bda73933227152984_d0000d7f4f.png,assets/world-anvil/session-59-there-is-no-reyoknar-38.png,markdown:title,1,Session 59: There Is No Reyoknar,Session 59-38.png
assets/world-anvil/ade01d4de0c41511b0c22d7d575ad36d_adcc7d84a1.webp,assets/world-anvil/to-live-or-die-image-01.webp,markdown:article-index,1,To Live or Die,raw.webp
assets/world-anvil/aff23e5fd458894b1d3dbe97c2f19136_dcd6317632.png,assets/world-anvil/session-61-breaking-the-seal-16.png,markdown:title,1,Session 61: Breaking the Seal,Session 61-16.png
assets/world-anvil/akiros-insmort-portrait.jpeg,assets/world-anvil/akiros-insmort-portrait.jpeg,manifest:portrait,1,Akiros Insmort,
assets/world-anvil/ally-grainger-portrait.jpg,assets/world-anvil/ally-grainger-portrait.jpg,manifest:portrait,1,Ally Grainger,
assets/world-anvil/ameon-trask-portrait.png,assets/world-anvil/ameon-trask-portrait.png,manifest:portrait,1,Ameon Trask,
assets/world-anvil/amiri-portrait.jpeg,assets/world-anvil/amiri-portrait.jpeg,manifest:portrait,1,Amiri,
assets/world-anvil/amiri-s-sword-cover.png,assets/world-anvil/shared-cover-b546a0d5ac5e.png,manifest:shared-206,132,"9th Life; A Brief Lesson in Indoor Voices; Aldori Swordlords; All Dressed Up and Nowhere to Go; Amiri's Flaw; Amiri's Sword; Basic Guide to Attacks of Opportunity and Provoking; Blue Purgatory; Bokken's Memories; Brevoy; Business as Usual; Caged Animal; Chafkhem’s Warning; Common Buff Spell Effects; Crafting; Delivery Stonewalled; Don't Insult Happs; Dunsward; Dying; Embeth Hall; Field Notes from the Lower Vaults · Unscheduled Activity · Chasm Watch, Third; Fort Drelev; Fort Serenko; Fort Tuskwater; Gauntlight; Gershwin's Grattitude; Glenebon; Greenbelt; Grigori Arrives; Grigori's Fate; Groetus; Hanspur; Hanspur's Chosen; Hexploration; Hooktongue; Hooktongue Slough; Influence Encounters; Inner Sea Region; Inspire Courage (Courageous Anthem); It Begins; Kamelands; Kingdom Turn Rules; Kiri's Captivity; Kundal's Captivity; Lake Hooktongue; Lake Silverstep; Latricia Rezbin; Leif's Leaving; Let's See What Happens; Level-Based DCs; Linzi's Dreams; Linzi's Journal; Longtail Island; Looking Into the Void; Lumbering Threat; Madness Approaches; Magic Missile (Force Barrage); Malaroth's Judgement; Mivon; Morlibint''s Dossier: The Children of Belcorra; Musical Purgatory; My Kingdom Awaits; Narlmarches; Nightmares in the Mayor's Manor; Nivaka's Crossing; No Way to Get Ahead; Nok-Nok's Restraint; Nomen Centaurs; Nomen Heights; Oculus of Abaddon; Older than Last Year; Oleg's Relief; Olegton; Otari; Otari Sleeps Uneasily; Pathfinder Society Chronicle - Steadfast; Pathfinder Society Chronicle: Steadfast - Appendix A; Prayer to Urthagul; Printing Spell Cards; Quest for Power; Rebirth at the Stone Ring Pond; Reflections; Rescued? No, Just More Crowded; Restov; River Kingdoms; Rostland Hinterlands; Sarenrae; Second Chances, Served Warm; Six Bears; Skybolt; Sootscale Kobolds; Sootscale Valley; Stag Lord's Fort; Stolen Lands; Surprise Party; Survivors; Talia Swims with the Fishes; Tamary Numesti; Tatzlford; The Ballad of the Swordlord's Rescue; The End Comes... Thankfully...; The Flickering Flame; The Gauntlight Awakens; The Last Door; The Mayor of Mischief; The Old Sycamore; The Only One Listening; The Quiet After Battle; The Raven Loosed; The Stillness Beneath Whiterose; The Stone Rat; The Thousand Voices; The Weight of Discipline; The Weight of One Soul; The Whispering Reeds; Thorn River Rampage; Thoughts of the Republic; Thumping Waters Charter; Tiger Lords; To Live or Die; Tors of Levenies; Tuskwater; Uringen; Vandy's Mess; Varnhold; Velka of the Sootscale – Travels and Connections; Vigil's End; Visions of Disaster; When the Dark Teaches Hunger; When the Shadows Breathe Out; Where Law Cannot Follow; Willowfen",
assets/world-anvil/ant-portrait.png,assets/world-anvil/ant-portrait.png,manifest:portrait,1,Ant,
assets/world-anvil/armag-the-twice-born-portrait.png,assets/world-anvil/armag-the-twice-born-portrait.png,manifest:portrait,1,Armag the Twice-Born,
assets/world-anvil/auchs-portrait.jpeg,assets/world-anvil/auchs-portrait.jpeg,manifest:portrait,1,Auchs,
assets/world-anvil/august-shepard-portrait.jpeg,assets/world-anvil/august-shepard-portrait.jpeg,manifest:portrait,1,August Shepard,
assets/world-anvil/b22cd79f8d946851038a53a330bbc451_2d5fb6c890.png,assets/world-anvil/session-59-there-is-no-reyoknar-39.png,markdown:title,1,Session 59: There Is No Reyoknar,Session 59-39.png
assets/world-anvil/b29499eb7cbae92048250ac6f628e420_8d580409e1.png,assets/world-anvil/skybolt.png,markdown:title,1,Skybolt,Skybolt.png
assets/world-anvil/b394309a8ad2c34d4be0c9adc64e4161_77e347a7fe.png,assets/world-anvil/session-10-founding-day-3-a-good-day-to-found-hard-08.png,markdown:title,1,Session 10: Founding Day 3 - A Good Day to Found Hard,Session 10-08.png
assets/world-anvil/b7f8ba65bf64fa6d7edb617ca2b4fc53_20c56c4952.png,assets/world-anvil/session-54-the-war-heats-up-22.png,markdown:title,1,Session 54: The War Heats Up,Session 54-22.png
assets/world-anvil/b82c0840fd7b59ce5ab2f2341228ce18_559ab41115.png,assets/world-anvil/session-58-tyrant-s-last-refuge-15.png,markdown:title,1,Session 58: Tyrant''s Last Refuge,Session 58-15.png
assets/world-anvil/b8b548fef83eed7959d2a7d87b4ad0ac_8c0832fbec.png,assets/world-anvil/session-22-the-mystery-of-the-missing-money-14.png,markdown:title,1,Session 22: The Mystery of the Missing Money,Session 22-14.png
assets/world-anvil/b99625ccea5b8811601d398a064b443e_d57c930e7e.png,assets/world-anvil/session-29-aftermath-11.png,markdown:title,1,Session 29: Aftermath,Session 29-11.png
assets/world-anvil/bae11c10d3edd8c478ec377411c357cc_d5232f1dee.png,assets/world-anvil/session-37-a-year-of-peace-13.png,markdown:title,1,Session 37: A Year of Peace,Session 37-13.png
assets/world-anvil/bbc5159181c94fa48a97262cd677b3a4_0b42a66ee8.png,assets/world-anvil/session-17-corruption-in-the-capitol-06.png,markdown:title,1,Session 17: Corruption in the Capitol!,Session 17-06.png
assets/world-anvil/bcea159fab70df790c300ba3fc1ffff3_0924881414.webp,assets/world-anvil/no-way-to-get-ahead-theron-head-6.webp,markdown:title,1,No Way to Get Ahead,Theron_Head_6.webp
assets/world-anvil/bd4f19544693068257c0eef5783f00f3_7c0f97496e.png,assets/world-anvil/session-58-tyrant-s-last-refuge-18.png,markdown:title,1,Session 58: Tyrant''s Last Refuge,Session 58-18.png
assets/world-anvil/be69205688a12445aa5e5bd19805edbf_e9512f0dc9.png,assets/world-anvil/morlibint-s-dossier-the-drow-in-the-farm-image-01.png,markdown:article-index,1,Morlibint''s Dossier: The Drow in the Farm,61087f5c-68d2-4ba1-bc1a-ed513091aded.png
assets/world-anvil/bf1451ba7f2c17a7c28ed10e83f8e46a_482358d56a.png,assets/world-anvil/session-44-blood-oaths-and-broken-chains-31.png,markdown:title,1,Session 44: Blood Oaths and Broken Chains,Session 44-31.png
assets/world-anvil/bfa08601fb47dc43b4c40ac72b0687f2_9966691229.png,assets/world-anvil/session-61-breaking-the-seal-15.png,markdown:title,1,Session 61: Breaking the Seal,Session 61-15.png
assets/world-anvil/bokken-portrait.webp,assets/world-anvil/bokken-portrait.webp,manifest:portrait,1,Bokken,
assets/world-anvil/briny-wake-portrait.png,assets/world-anvil/briny-wake-portrait.png,manifest:portrait,1,Briny Wake,
assets/world-anvil/c13ca4933668461c71402cc34090ba3a_9936ac9abb.png,assets/world-anvil/session-47-faithful-s-end-and-expansion-27.png,markdown:title,1,Session 47: Faithful''s End and Expansion,Session 47-27.png
assets/world-anvil/c2a713543f66ccbdd6eb5b25d11f39ab_3f6e051fcf.png,assets/world-anvil/session-36-vordakai-s-end-16.png,markdown:title,1,Session 36: Vordakai''s End,Session 36-16.png
assets/world-anvil/c3c9d47e02a1b695cb84cb9e865bf5f3_71e09fa8f8.png,assets/world-anvil/session-54-the-war-heats-up-23.png,markdown:title,1,Session 54: The War Heats Up,Session 54-23.png
assets/world-anvil/c4645066d1e9dbeece7a5aa792070155_e93d108808.png,assets/world-anvil/pitax-hordes-betrayed-by-foreign-agitators-image-01.png,markdown:article-index,1,Pitax Hordes Betrayed by Foreign Agitators,bd62f6d5-fc3a-4a22-9517-e6dab3413793.png
assets/world-anvil/c636ea9224470b3682c7002d8c3820db_6b5a17629e.jpeg,assets/world-anvil/morlibints-dossier-corrective-annotation-image-01.jpeg,markdown:article-index,1,Morlibint’s Dossier: Corrective Annotation,0156b9c9-d8f0-4284-b443-d2b878841a90-md.jpg
assets/world-anvil/c6905880363a1f9697f0e1aa0ef8f085_bb17d9d0b3.png,assets/world-anvil/the-water-owed-him-one-old-crackjaw-square-woodcut.png,markdown:title,1,The Water Owed Him One,Old Crackjaw - Square Woodcut.png
assets/world-anvil/c7c0ffc4e6a5baecf4cdad9d6b87c697_0cc4aae35c.png,assets/world-anvil/session-24-visit-to-varnhold-03.png,markdown:title,1,Session 24: Visit to Varnhold,Session 24-03.png
assets/world-anvil/caaee61fbf46b5bd193ec18419797a55_aa67fb9110.png,assets/world-anvil/session-43-the-fall-of-fort-drelev-49.png,markdown:title,1,Session 43: The Fall of Fort Drelev,Session 43-49.png
assets/world-anvil/cayden-cailean-portrait.webp,assets/world-anvil/cayden-cailean-portrait.webp,manifest:portrait,1,Cayden Cailean,
assets/world-anvil/cd2baa68a78ab0b048aee5ce8120bd70_f57d7c9230.jpeg,assets/world-anvil/morlibints-dossier-gauntlight-and-the-abomination-vaults-image-01.jpeg,markdown:article-index,1,Morlibint’s Dossier: Gauntlight and the Abomination Vaults,c8ef0d18-60c8-4601-8e8c-8482f3783f4c-md.jpg
assets/world-anvil/ce9c1e09f284b8109077782050dd0a0f_ea5993d5fe.webp,assets/world-anvil/a-brief-lesson-in-indoor-voices-content.webp,markdown:title,1,A Brief Lesson in Indoor Voices,content.webp
assets/world-anvil/cf06429a017c16c0732e1a4efd437ab2_ba4dbe7297.webp,assets/world-anvil/brevoy-flag.webp,manifest:flag,0,,
assets/world-anvil/cfc78d9a1796dd107ed4153276b5133f_a8c7d5912f.png,assets/world-anvil/ovinrbaane.png,markdown:title,1,Ovinrbaane,Ovinrbaane.png
assets/world-anvil/chief-sootscale-portrait.png,assets/world-anvil/chief-sootscale-portrait.png,manifest:portrait,1,Chief Sootscale,
assets/world-anvil/concerning-recent-fey-activity-within-the-republic-cover.png,assets/world-anvil/shared-cover-ee82cf8c9a07.png,manifest:shared-3,3,"Concerning Recent Fey Activity Within the Republic; The ""Charleton"" File; Wild Hunt",
assets/world-anvil/connal-portrait.jpeg,assets/world-anvil/connal-portrait.jpeg,manifest:portrait,1,Connal,
assets/world-anvil/corruption-at-the-rushlight-cover.png,assets/world-anvil/shared-cover-5d0935703bb5.png,manifest:shared-4,4,Corruption at the Rushlight!; Pitax Hordes Betrayed by Foreign Agitators; Pitaxian Allies Crush Republican Advance; Where is the King?,
assets/world-anvil/d08f2264f231eeb2ca164568dba0171c_a7589e6932.png,assets/world-anvil/office-of-the-prime-minister-flag.png,manifest:flag,0,,
assets/world-anvil/d0e10dcce0ca50683593eb18d09a6e2b_61b1b387ba.png,assets/world-anvil/session-8-17.png,markdown:title,1,Session 08: Founding Day!,Session 8-17.png
assets/world-anvil/d0fec2e771be95c26db3d4264e5b5d28_fb1f00d327.png,assets/world-anvil/session-18-i-m-sailing-away-10.png,markdown:title,1,Session 18: I''m Sailing Away,Session 18-10.png
assets/world-anvil/d1a4847267b93b7038d23b42076f6075_38e4553e5b.png,assets/world-anvil/session-57-every-door-leads-to-the-king-33.png,markdown:title,1,Session 57: Every Door Leads to the King,Session 57-33.png
assets/world-anvil/d350b13d7ec7553d4c7b3cf851fbb1c3_cc0c528569.png,assets/world-anvil/session-53-of-blessed-waters-and-buried-devils-26.png,markdown:title,1,Session 53: Of Blessed Waters and Buried Devils,Session 53-26.png
assets/world-anvil/d3db9f580b8c388291b847e8cc14cc70_119e33170f.png,assets/world-anvil/session-59-there-is-no-reyoknar-37.png,markdown:title,1,Session 59: There Is No Reyoknar,Session 59-37.png
assets/world-anvil/d3df053bff177b50df5dbd6950f335e5_278ffd14f1.png,assets/world-anvil/corruption-at-the-rushlight-image-01.png,markdown:article-index,1,Corruption at the Rushlight!,cd784db4-58b9-4414-b25d-f7b8b776635a.png
assets/world-anvil/d4c79c88ca6132ee2d0bb312fe7ace2c_6bbdfcc678.png,assets/world-anvil/session-55-endeavor-to-persevere-31.png,markdown:title,1,Session 55: Endeavor to Persevere,Session 55-31.png
assets/world-anvil/d58d762eef64207b42181bada3477de7_78b67a21ad.png,assets/world-anvil/session-11-explore-report-rule-01.png,markdown:title,1,"Session 11: Explore, Report, Rule!",Session 11-01.png
assets/world-anvil/d5b4995be19b365fc15a46f656ef333d_445456c2ca.png,assets/world-anvil/session-55-endeavor-to-persevere-30.png,markdown:title,1,Session 55: Endeavor to Persevere,Session 55-30.png
assets/world-anvil/d8eccd62d3904e56fe86729ccf291e13_46920286b3.png,assets/world-anvil/session-61-breaking-the-seal-17.png,markdown:title,1,Session 61: Breaking the Seal,Session 61-17.png
assets/world-anvil/dd9b8fa4be7521599ee4c599a63c9556_026bb0f73d.png,assets/world-anvil/session-23-growth-11.png,markdown:title,1,Session 23: Growth,Session 23-11.png
assets/world-anvil/ddaa2be8b2a35a400c048b8af6de5b36_c240abeb6b.png,assets/world-anvil/session-60-the-years-between-16.png,markdown:title,1,Session 60: The Years Between,Session 60-16.png
assets/world-anvil/ddf860eb072fc975352ad137609e9850_f88d514a9f.png,assets/world-anvil/session-53-of-blessed-waters-and-buried-devils-27.png,markdown:title,1,Session 53: Of Blessed Waters and Buried Devils,Session 53-27.png
assets/world-anvil/deb996a1923e7121705fb744d2849861_f562413635.png,assets/world-anvil/session-6-seamus-leaps-onto-tuskgutter-sketch.png,markdown:title,1,Session 06: Introduction to World Anvil,Session 6 - Seamus Leaps onto Tuskgutter Sketch.png
assets/world-anvil/dedb6ac91ca0729a3c561b2a84056ed5_85ec22e363.png,assets/world-anvil/session-57-every-door-leads-to-the-king-34.png,markdown:title,1,Session 57: Every Door Leads to the King,Session 57-34.png
assets/world-anvil/delver-s-brewery-portrait.png,assets/world-anvil/delver-s-brewery-portrait.png,manifest:portrait,1,Delver's Brewery,
assets/world-anvil/desna-portrait.webp,assets/world-anvil/desna-portrait.webp,manifest:portrait,1,Desna,
assets/world-anvil/e0aae757cc3b37ce7684431e2c0e4f6e_8763100c91.png,assets/world-anvil/nok-nok-hero-of-the-mite-warrens-and-governor-of-greengripe-falls-in-battle-image-01.png,markdown:article-index,1,"Nok-Nok, Hero of the Mite Warrens and Governor of Greengripe, Falls in Battle",8e43a4b0-c67b-40c7-8472-b3429e362461.png
assets/world-anvil/e0eb58cdae647a825c129b7e6b2b5e3d_878979822a.webp,assets/world-anvil/session-10-founding-day-3-a-good-day-to-found-hard-thumping-waters-flag.webp,markdown:title,1,Session 10: Founding Day 3 - A Good Day to Found Hard,Thumping Waters Flag
assets/world-anvil/e197c79b5f9f2b2c3c2c5740a164b7c2_030e6664be.jpeg,assets/world-anvil/morlibints-dossier-otari-folklore-image-01.jpeg,markdown:article-index,1,Morlibint’s Dossier: Otari Folklore,158ee9c0-15c0-4c15-920e-f06161033f8f-md.jpg
assets/world-anvil/e212bcd56536df0350f85a83fa88f9c1_fc8956c5b5.png,assets/world-anvil/session-0-party-time-image-01.png,markdown:article-index,1,Session 0: Party Time!,exec-bbbe14fd-d4a0-40bc-92dc-f25cfce0ddbc.png
assets/world-anvil/e25e61a03409f98b70bbb2bf5247e099_098700a600.png,assets/world-anvil/printing-spell-cards-screenshot-2024-04-02-183148.png,markdown:title,1,Printing Spell Cards,Screenshot 2024-04-02 183148.png
assets/world-anvil/e2970b768f2a12d494bf98a32d48fcfa_742909d4a2.jpeg,assets/world-anvil/morlibints-dossier-on-the-prison-level-and-infernal-presence-image-01.jpeg,markdown:article-index,1,Morlibint’s Dossier: On the Prison Level and Infernal Presence,33c33a5f-99cd-47c5-8db4-a7010888d45d-md.jpg
assets/world-anvil/e3e07592705e9a3d91a5f331fed54287_44fafa8aa7.webp,assets/world-anvil/malaroth-s-judgement-image0.webp,markdown:title,1,Malaroth's Judgement,image0.webp
assets/world-anvil/e79343f10d8ff987530b63286b16b28f_b2e56163ae.jpeg,assets/world-anvil/morlibints-dossier-servants-and-survivors-image-01.jpeg,markdown:article-index,1,Morlibint’s Dossier: Servants and Survivors,a3b10c2b-2f21-4904-bd30-4e4368440421-md.jpg
assets/world-anvil/e90d329c83264788e18305efde72296a_d99ff43b54.png,assets/world-anvil/the-stillness-beneath-whiterose-evindra.png,markdown:title,1,The Stillness Beneath Whiterose,Evindra.png
assets/world-anvil/ea385e3d523b34bd9f55314305e124a1_5d263c0731.png,assets/world-anvil/ministry-of-the-treasury-flag.png,manifest:flag,0,,
assets/world-anvil/ed84b63fadcf44709bb4e8ad54b36297_8eeeed05ad.webp,assets/world-anvil/let-s-see-what-happens-image-03.webp,markdown:article-index,1,Let's See What Happens,raw.webp
assets/world-anvil/ee8fa6dadd3c72dba43a00c472619d9e_3c03ffe364.png,assets/world-anvil/the-water-owed-him-one-arven-to-candlemere-wide-woodcut.png,markdown:title,1,The Water Owed Him One,Arven to Candlemere - Wide Woodcut.png
assets/world-anvil/eed1ba5d8b5f36cf2f2c7c0dc930ff80_6723c9b8ec.jpeg,assets/world-anvil/second-chances-served-warm-image-01.jpeg,markdown:article-index,1,"Second Chances, Served Warm",b83056c5-c0c9-4bd6-862f-5f78caf19180-md.jpg
assets/world-anvil/efb01fcf8f12f0d2d4f9a62f54823ae4_b5d8ac4c77.png,assets/world-anvil/the-waters-stand-image-01.png,markdown:article-index,1,The Waters Stand,08c78993-b43b-4b99-9796-81ad15789c1b.png
assets/world-anvil/efe64ce7acaf0e5a5cbc9cc47f93465b_b2e8c726af.png,assets/world-anvil/session-20-the-beast-18.png,markdown:title,1,Session 20: The Beast,Session 20-18.png
assets/world-anvil/ekundayo-portrait.webp,assets/world-anvil/ekundayo-portrait.webp,manifest:portrait,1,Ekundayo,
assets/world-anvil/elga-verniex-portrait.png,assets/world-anvil/elga-verniex-portrait.png,manifest:portrait,1,Elga Verniex,
assets/world-anvil/elowyn-vask-portrait.png,assets/world-anvil/elowyn-vask-portrait.png,manifest:portrait,1,Elowyn Vask,
assets/world-anvil/eobald-portrait.png,assets/world-anvil/eobald-portrait.png,manifest:portrait,1,Eobald,
assets/world-anvil/erastil-portrait.jpeg,assets/world-anvil/erastil-portrait.jpeg,manifest:portrait,1,Erastil,
assets/world-anvil/euan-blackwood-portrait.jpeg,assets/world-anvil/euan-blackwood-portrait.jpeg,manifest:portrait,1,Euan Blackwood,
assets/world-anvil/f015a394c00cc2d0604d17e75c1c0a54_dd362017e2.png,assets/world-anvil/session-15-anatomically-correct-barghest-10.png,markdown:title,1,Session 15: Anatomically Correct Barghest,Session 15-10.png
assets/world-anvil/f0cbb280082d442c5728bbb7eb9b4d2c_0aacb4e251.png,assets/world-anvil/the-charleton-file-charleton-file.png,markdown:title,1,"The ""Charleton"" File",Charleton File.png
assets/world-anvil/f10c4268e6ef5e0cbf5c95a2826ce181_3e8bda693b.png,assets/world-anvil/session-04-noknok-arrives-image-01.png,markdown:article-index,1,Session 04: NokNok Arrives,exec-7abd9cc0-b40f-4eb9-8db9-23b98f90e032.png
assets/world-anvil/f13c08a0e903cd7ee286e5be9cd76e4d_eb52d1f02d.png,assets/world-anvil/session-59-there-is-no-reyoknar-35.png,markdown:title,1,Session 59: There Is No Reyoknar,Session 59-35.png
assets/world-anvil/f15d7f73ac3e77e5eb4890312405610a_68c6d01a83.png,assets/world-anvil/session-53-of-blessed-waters-and-buried-devils-25.png,markdown:title,1,Session 53: Of Blessed Waters and Buried Devils,Session 53-25.png
assets/world-anvil/f6f71be1b8240129ff0a43f7ae5dee64_c0af95f2a4.png,assets/world-anvil/the-whispering-reeds-image-01.png,markdown:article-index,1,The Whispering Reeds,1001bfa0-d18b-45ec-99f6-d2f3a30933be.png
assets/world-anvil/fa5095cb2dbe33c2f35a7fc98cb082f8_a626ee6688.png,assets/world-anvil/session-56-pitax-awakens-12.png,markdown:title,1,Session 56: Pitax Awakens,Session 56-12.png
assets/world-anvil/fbfb3496df73e26945a6df110160ced8_da70d0c993.png,assets/world-anvil/session-39-the-fall-of-talon-peak-37.png,markdown:title,1,Session 39: The Fall of Talon Peak,Session 39-37.png
assets/world-anvil/fd0ceda4feac7b022193fba00f68d19d_6de5960584.jpeg,assets/world-anvil/basic-guide-to-attacks-of-opportunity-and-provoking-threaten.jpeg,markdown:title,2,Basic Guide to Attacks of Opportunity and Provoking,threaten.jpg
assets/world-anvil/fe790aa2caf0acc6bb1270f47c1aac38_d09ff1282f.png,assets/world-anvil/session-31-varnhold-vanishing-11.png,markdown:title,1,Session 31: Varnhold Vanishing,Session 31-11.png
assets/world-anvil/fe9b126498aeb16c1228b9fd71b04713_a0a44ca023.png,assets/world-anvil/madness-approaches-image-01.png,markdown:article-index,1,Madness Approaches,3d2c44c1-894d-4df0-a526-2c9feb4db300.png
assets/world-anvil/fitzroy-portrait.jpeg,assets/world-anvil/fitzroy-portrait.jpeg,manifest:portrait,1,Fitzroy,
assets/world-anvil/fizzlesticks-co-portrait.png,assets/world-anvil/fizzlesticks-and-co-portrait.png,manifest:portrait,1,Fizzlesticks & Co,
assets/world-anvil/fort-serenko-lumberworks-portrait.png,assets/world-anvil/fort-serenko-lumberworks-portrait.png,manifest:portrait,1,Fort Serenko Lumberworks,
assets/world-anvil/gorum-portrait.webp,assets/world-anvil/gorum-portrait.webp,manifest:portrait,1,Gorum,
assets/world-anvil/government-printing-office-portrait.png,assets/world-anvil/government-printing-office-portrait.png,manifest:portrait,1,Government Printing Office,
assets/world-anvil/gozreh-portrait.webp,assets/world-anvil/gozreh-portrait.webp,manifest:portrait,1,Gozreh,
assets/world-anvil/greengripe-cover.png,assets/world-anvil/shared-cover-2c2d28b87bde.png,manifest:shared-15,5,Free University of Thumping Waters; Greengripe; The Last Guardian; Thumpington; Tristian's Dawn,
assets/world-anvil/grigori-portrait.png,assets/world-anvil/grigori-portrait.png,manifest:portrait,1,Grigori,
assets/world-anvil/guildhall-of-the-joined-hands-portrait.png,assets/world-anvil/guildhall-of-the-joined-hands-portrait.png,manifest:portrait,1,Guildhall of the Joined Hands,
assets/world-anvil/hannis-drelev-portrait.webp,assets/world-anvil/hannis-drelev-portrait.webp,manifest:portrait,1,Hannis Drelev,
assets/world-anvil/hargulka-portrait.webp,assets/world-anvil/hargulka-portrait.webp,manifest:portrait,1,Hargulka,
assets/world-anvil/harrim-portrait.jpg,assets/world-anvil/harrim-portrait.jpg,manifest:portrait,1,Harrim,
assets/world-anvil/house-of-measured-paths-portrait.png,assets/world-anvil/house-of-measured-paths-portrait.png,manifest:portrait,1,House of Measured Paths,
assets/world-anvil/imeckas-stroon-portrait.webp,assets/world-anvil/imeckas-stroon-portrait.webp,manifest:portrait,1,Imeckas Stroon,
assets/world-anvil/irori-portrait.webp,assets/world-anvil/irori-portrait.webp,manifest:portrait,1,Irori,250px-Irori.jpg.webp
assets/world-anvil/jaethal-portrait.jpg,assets/world-anvil/jaethal-portrait.jpg,manifest:portrait,1,Jaethal,
assets/world-anvil/jamandi-aldori-portrait.jpg,assets/world-anvil/jamandi-aldori-portrait.jpg,manifest:portrait,1,Jamandi Aldori,
assets/world-anvil/jamel-visser-portrait.png,assets/world-anvil/jamel-visser-portrait.png,manifest:portrait,1,Jamel Visser,
assets/world-anvil/jhod-kavken-portrait.webp,assets/world-anvil/jhod-kavken-portrait.webp,manifest:portrait,1,Jhod Kavken,
assets/world-anvil/jubilost-narthropple-portrait.webp,assets/world-anvil/jubilost-narthropple-portrait.webp,manifest:portrait,1,Jubilost Narthropple,
assets/world-anvil/kereek-portrait.png,assets/world-anvil/kereek-portrait.png,manifest:portrait,1,Kereek,
assets/world-anvil/kesten-garess-portrait.webp,assets/world-anvil/kesten-garess-portrait.webp,manifest:portrait,1,Kesten Garess,
assets/world-anvil/king-castruccio-irrovetti-portrait.jpeg,assets/world-anvil/king-castruccio-irrovetti-portrait.jpeg,manifest:portrait,1,King Castruccio Irrovetti,
assets/world-anvil/king-vesket-portrait.png,assets/world-anvil/king-vesket-portrait.png,manifest:portrait,1,King Vesket,
assets/world-anvil/kiri-steelpaws-portrait.jpeg,assets/world-anvil/kiri-steelpaws-portrait.jpeg,manifest:portrait,1,Kiri Steelpaws,
assets/world-anvil/kisandra-numesti-portrait.png,assets/world-anvil/kisandra-numesti-portrait.png,manifest:portrait,1,Kisandra Numesti,
assets/world-anvil/lamashtu-portrait.png,assets/world-anvil/lamashtu-portrait.png,manifest:portrait,1,Lamashtu,
assets/world-anvil/leif-darkwood-portrait.jpeg,assets/world-anvil/leif-darkwood-portrait.jpeg,manifest:portrait,1,Leif Darkwood,
assets/world-anvil/leroy-portrait.jpeg,assets/world-anvil/leroy-portrait.jpeg,manifest:portrait,1,Leroy,
assets/world-anvil/levet-s-mill-portrait.png,assets/world-anvil/levet-s-mill-portrait.png,manifest:portrait,1,Levet's Mill,
assets/world-anvil/linzi-portrait.png,assets/world-anvil/linzi-portrait.png,manifest:portrait,1,Linzi,
assets/world-anvil/lorcan-portrait.png,assets/world-anvil/lorcan-portrait.png,manifest:portrait,1,Lorcan,
assets/world-anvil/loy-rezbin-portrait.png,assets/world-anvil/loy-rezbin-portrait.png,manifest:portrait,1,Loy Rezbin,
assets/world-anvil/maegar-varn-portrait.jpg,assets/world-anvil/maegar-varn-portrait.jpg,manifest:portrait,1,Maegar Varn,
assets/world-anvil/mairi-portrait.png,assets/world-anvil/mairi-portrait.png,manifest:portrait,1,Mairi,
assets/world-anvil/matteo-portrait.png,assets/world-anvil/matteo-portrait.png,manifest:portrait,1,Matteo,
assets/world-anvil/melianse-portrait.jpeg,assets/world-anvil/melianse-portrait.jpeg,manifest:portrait,1,Melianse,
assets/world-anvil/ministry-of-communication-cover.png,assets/world-anvil/shared-cover-48fb79abc6f1.png,manifest:shared-9,8,Ministry of Communication; Ministry of Defense; Ministry of Intelligence; Ministry of Justice; Ministry of Magic; Ministry of the Interior; Ministry of the Treasury; Office of the Prime Minister,
assets/world-anvil/morlibeint-s-dossier-on-sources-and-reliability-cover.png,assets/world-anvil/shared-cover-32ff100f6011.png,manifest:shared-22,22,"Morlibeint''s Dossier: On Sources and Reliability; Morlibint''s Dossier: Closing Remarks; Morlibint''s Dossier: The Cult of Urthagul; Morlibint''s Dossier: The Drow in the Farm; Morlibint''s Dossier: The Farm; Morlibint''s Dossier: The Farm Redux; Morlibint''s Dossier: The Whispering Caverns; Morlibint''s Dossier: The Whispering Reeds; Morlibint’s Dossier: Corrective Annotation; Morlibint’s Dossier: Final Assessment; Morlibint’s Dossier: Gauntlight and the Abomination Vaults; Morlibint’s Dossier: Nhimbaloth, the Empty Death; Morlibint’s Dossier: On Wrin Sivinxi and the Question of Lenses; Morlibint’s Dossier: On the Fleshwarping Laboratories; Morlibint’s Dossier: On the Prison Level and Infernal Presence; Morlibint’s Dossier: On the So-Called Cult of the Canker; Morlibint’s Dossier: On the Training Grounds; Morlibint’s Dossier: Otari Folklore; Morlibint’s Dossier: Servants and Survivors; Morlibint’s Dossier: The Haruvex Lineage; Morlibint’s Dossier: The Roseguard; Morlibint’s Dossier: Wisps, Fog, and Dreams",
assets/world-anvil/nhimbaloth-portrait.jpeg,assets/world-anvil/nhimbaloth-portrait.jpeg,manifest:portrait,1,Nhimbaloth,
assets/world-anvil/nilak-portrait.png,assets/world-anvil/nilak-portrait.png,manifest:portrait,1,Nilak,
assets/world-anvil/nok-nok-portrait.png,assets/world-anvil/nok-nok-portrait.png,manifest:portrait,1,Nok-Nok,
assets/world-anvil/octavia-portrait.webp,assets/world-anvil/octavia-portrait.webp,manifest:portrait,1,Octavia,
assets/world-anvil/oleg-leveton-portrait.png,assets/world-anvil/oleg-leveton-portrait.png,manifest:portrait,1,Oleg Leveton,
assets/world-anvil/ovinrbaane-cover.png,assets/world-anvil/shared-cover-8a1bfbff37cb.png,manifest:shared-55,52,"Kingmaker: The Story So Far; Lake Candlemere; Ovinrbaane; Session 01: A Time to Kill; Session 02: Go West, Young Heroes!; Session 03: Big Trouble at Little Oleg''s; Session 04: NokNok Arrives; Session 05: Finishing the Old Sycamore; Session 06: Introduction to World Anvil; Session 07: Stag Lord or Bust!!!; Session 08: Founding Day!; Session 09: Founding Day Part 2: The Refoundening; Session 0: Party Time!; Session 10: Founding Day 3 - A Good Day to Found Hard; Session 11: Explore, Report, Rule!; Session 12: Kingdom Mysteries; Session 13: The Depths of Candlemere Island; Session 14: Love Hurts; Session 15: Anatomically Correct Barghest; Session 16: Death to All Who Oppose Us!; Session 17: Corruption in the Capitol!; Session 18: I''m Sailing Away; Session 19: The Kobolds, the Iruxi, and the Trolls; Session 20: The Beast; Session 21: Rebuilding; Session 22: The Mystery of the Missing Money; Session 23: Growth; Session 24: Visit to Varnhold; Session 25: The Hunt Begins; Session 26: The Bloom; Session 27: The Inconsequent Debates; Session 28: Source of the Bloom; Session 29: Aftermath; Session 30: Valerie''s Victory; Session 31: Varnhold Vanishing; Session 32: Blockhouse Assault; Session 33: Blockhouse Assault - Cracking the Fortress; Session 34: Into the Valley of Death; Session 35: Into Vordakai''s Tomb; Session 36: Vordakai''s End; Session 37: A Year of Peace; Session 38: The Fall of M''botuu; Session 39: The Fall of Talon Peak; Session 40: Back into the Slough; Session 41: The Seige of Tatzlford; Session 42: The Fire Beneath Drelev; Session 43: The Fall of Fort Drelev; Session 44: Blood Oaths and Broken Chains; Session 45: Armag''s Tomb Raiders; Session 46: The Cleansing Lie; Session 47: Faithful''s End and Expansion; The Town Irovetti Fed to Monsters",
assets/world-anvil/pavetta-stroon-drelev-portrait.webp,assets/world-anvil/pavetta-stroon-drelev-portrait.webp,manifest:portrait,1,Pavetta Stroon-Drelev,
assets/world-anvil/pharasma-portrait.webp,assets/world-anvil/pharasma-portrait.webp,manifest:portrait,1,Pharasma,
assets/world-anvil/prazil-portrait.png,assets/world-anvil/prazil-portrait.png,manifest:portrait,1,Prazil,
assets/world-anvil/quintessa-maray-portrait.webp,assets/world-anvil/quintessa-maray-portrait.webp,manifest:portrait,1,Quintessa Maray,
assets/world-anvil/rainbows-in-the-snow-cover.png,assets/world-anvil/rainbows-in-the-snow-cover.png,manifest:cover,1,Rainbows in the Snow,
assets/world-anvil/razmir-portrait.webp,assets/world-anvil/razmir-portrait.webp,manifest:portrait,1,Razmir,
assets/world-anvil/regongar-portrait.webp,assets/world-anvil/regongar-portrait.webp,manifest:portrait,1,Regongar,
assets/world-anvil/rennie-portrait.png,assets/world-anvil/rennie-portrait.png,manifest:portrait,1,Rennie,
assets/world-anvil/river-kingdoms-image-01.png,assets/world-anvil/river-kingdoms-image-02.png,markdown:article-index,1,River Kingdoms,
assets/world-anvil/riverside-shrine-portrait.png,assets/world-anvil/riverside-shrine-portrait.png,manifest:portrait,1,Riverside Shrine,
assets/world-anvil/roald-celinnas-portrait.png,assets/world-anvil/roald-celinnas-portrait.png,manifest:portrait,1,Roald Celinnas,
assets/world-anvil/roc-s-omelette-portrait.png,assets/world-anvil/roc-s-omelette-portrait.png,manifest:portrait,1,Roc's Omelette,
assets/world-anvil/satinder-morne-portrait.png,assets/world-anvil/satinder-morne-portrait.png,manifest:portrait,1,Satinder Morne,
assets/world-anvil/seamus-portrait.png,assets/world-anvil/seamus-portrait.png,manifest:portrait,1,Seamus,
assets/world-anvil/shelyn-portrait.webp,assets/world-anvil/shelyn-portrait.webp,manifest:portrait,1,Shelyn,
assets/world-anvil/silver-reed-portrait.png,assets/world-anvil/silver-reed-portrait.png,manifest:portrait,1,Silver Reed,
assets/world-anvil/stag-lord-portrait.webp,assets/world-anvil/stag-lord-portrait.webp,manifest:portrait,1,Stag Lord,
assets/world-anvil/stas-portrait.jpeg,assets/world-anvil/stas-portrait.jpeg,manifest:portrait,1,Stas,
assets/world-anvil/svetlana-leveton-portrait.png,assets/world-anvil/svetlana-leveton-portrait.png,manifest:portrait,1,Svetlana Leveton,
assets/world-anvil/tailforge-atelier-portrait.png,assets/world-anvil/tailforge-atelier-portrait.png,manifest:portrait,1,Tailforge Atelier,
assets/world-anvil/talia-nightclaw-portrait.png,assets/world-anvil/talia-nightclaw-portrait.png,manifest:portrait,1,Talia Nightclaw,
assets/world-anvil/tartuccio-portrait.jpg,assets/world-anvil/tartuccio-portrait.jpg,manifest:portrait,1,Tartuccio,
assets/world-anvil/tartuk-portrait.webp,assets/world-anvil/tartuk-portrait.webp,manifest:portrait,1,Tartuk,
assets/world-anvil/temple-of-the-first-light-portrait.png,assets/world-anvil/temple-of-the-first-light-portrait.png,manifest:portrait,1,Temple of the First Light,
assets/world-anvil/terrion-numesti-portrait.png,assets/world-anvil/terrion-numesti-portrait.png,manifest:portrait,1,Terrion Numesti,
assets/world-anvil/the-day-she-stood-still-cover.png,assets/world-anvil/shared-cover-110a4fd3e759.png,manifest:shared-30,23,"Nok-Nok, Hero of the Mite Warrens and Governor of Greengripe, Falls in Battle; Pitax; Session 48: Finishing the Job for Hannis; Session 49: The Rushlight Begins; Session 50: Silver Overall, Steel at the Border; Session 51: Storms on the Western Horizon; Session 52: The Abbey of Broken Bells; Session 53: Of Blessed Waters and Buried Devils; Session 54: The War Heats Up; Session 55: Endeavor to Persevere; Session 56: Pitax Awakens; Session 57: Every Door Leads to the King; Session 58: Tyrant''s Last Refuge; Session 59: There Is No Reyoknar; Session 60: The Years Between; Session 61: Breaking the Seal; The Day She Stood Still; The King Comes to Thumpington; The Lantern and Ledger; The Lantern and Ledger History; The Sun Still Shines; The Water Owed Him One; The Waters Stand",
assets/world-anvil/tiressia-portrait.jpeg,assets/world-anvil/tiressia-portrait.jpeg,manifest:portrait,1,Tiressia,
assets/world-anvil/tok-nikrat-portrait.png,assets/world-anvil/tok-nikrat-portrait.png,manifest:portrait,1,Tok-Nikrat,
assets/world-anvil/torag-portrait.webp,assets/world-anvil/torag-portrait.webp,manifest:portrait,1,Torag,
assets/world-anvil/tristian-portrait.png,assets/world-anvil/shared-image-8ec3e0278927.png,manifest:shared-2,1,Tristian,
assets/world-anvil/valerie-portrait.png,assets/world-anvil/valerie-portrait.png,manifest:portrait,1,Valerie,
assets/world-anvil/velka-portrait.png,assets/world-anvil/velka-portrait.png,manifest:portrait,1,Velka,
assets/world-anvil/whispering-step-portrait.png,assets/world-anvil/whispering-step-portrait.png,manifest:portrait,1,Whispering Step,
assets/world-anvil/white-lantern-portrait.png,assets/world-anvil/white-lantern-portrait.png,manifest:portrait,1,White Lantern,
assets/world-anvil/willowfen-general-portrait.png,assets/world-anvil/willowfen-general-portrait.png,manifest:portrait,1,Willowfen General,
